sr,source_ip,destination_ip,protocol,packet_length,packet_info,source_mac,destination_mac,source_vendor,destination_vendor,asset_type
1,20.42.73.27,192.168.100.19,6,54,<Ether  dst=b4:6b:fc:c7:e5:6b src=04:b0:e7:65:21:ef type=IPv4 |<IP  version=4 ihl=5 tos=0x0 len=40 id=51011 flags= frag=0 ttl=107 proto=tcp chksum=0x68c src=20.42.73.27 dst=192.168.100.19 |<TCP  sport=https dport=49317 seq=1891395692 ack=2860427390 dataofs=5 reserved=0 flags=A window=16384 chksum=0xff4c urgptr=0 |>>>,04:b0:e7:65:21:ef,b4:6b:fc:c7:e5:6b,"HUAWEI TECHNOLOGIES CO.,LTD",Intel Corporate,Unknown Protocol
2,192.168.100.18,192.168.100.255,17,92,<Ether  dst=ff:ff:ff:ff:ff:ff src=c4:d9:87:04:a2:c7 type=IPv4 |<IP  version=4 ihl=5 tos=0x0 len=78 id=7262 flags= frag=0 ttl=128 proto=udp chksum=0xd3de src=192.168.100.18 dst=192.168.100.255 |<UDP  sport=netbios_ns dport=netbios_ns len=58 chksum=0xa962 |<NBNSHeader  NAME_TRN_ID=46129 RESPONSE=0 OPCODE=0 NM_FLAGS=B+RD RCODE=0 QDCOUNT=1 ANCOUNT=0 NSCOUNT=0 ARCOUNT=0 |<NBNSQueryRequest  QUESTION_NAME='AWAIS          ' SUFFIX=domain controller NULL=0 QUESTION_TYPE=NB QUESTION_CLASS=INTERNET |>>>>>,c4:d9:87:04:a2:c7,ff:ff:ff:ff:ff:ff,Intel Corporate,Vendor Not Found,Unknown Protocol
3,192.168.100.18,192.168.100.255,17,92,<Ether  dst=ff:ff:ff:ff:ff:ff src=c4:d9:87:04:a2:c7 type=IPv4 |<IP  version=4 ihl=5 tos=0x0 len=78 id=7263 flags= frag=0 ttl=128 proto=udp chksum=0xd3dd src=192.168.100.18 dst=192.168.100.255 |<UDP  sport=netbios_ns dport=netbios_ns len=58 chksum=0xa962 |<NBNSHeader  NAME_TRN_ID=46129 RESPONSE=0 OPCODE=0 NM_FLAGS=B+RD RCODE=0 QDCOUNT=1 ANCOUNT=0 NSCOUNT=0 ARCOUNT=0 |<NBNSQueryRequest  QUESTION_NAME='AWAIS          ' SUFFIX=domain controller NULL=0 QUESTION_TYPE=NB QUESTION_CLASS=INTERNET |>>>>>,c4:d9:87:04:a2:c7,ff:ff:ff:ff:ff:ff,Intel Corporate,Vendor Not Found,Unknown Protocol
4,192.168.100.18,192.168.100.255,17,92,<Ether  dst=ff:ff:ff:ff:ff:ff src=c4:d9:87:04:a2:c7 type=IPv4 |<IP  version=4 ihl=5 tos=0x0 len=78 id=7264 flags= frag=0 ttl=128 proto=udp chksum=0xd3dc src=192.168.100.18 dst=192.168.100.255 |<UDP  sport=netbios_ns dport=netbios_ns len=58 chksum=0xa962 |<NBNSHeader  NAME_TRN_ID=46129 RESPONSE=0 OPCODE=0 NM_FLAGS=B+RD RCODE=0 QDCOUNT=1 ANCOUNT=0 NSCOUNT=0 ARCOUNT=0 |<NBNSQueryRequest  QUESTION_NAME='AWAIS          ' SUFFIX=domain controller NULL=0 QUESTION_TYPE=NB QUESTION_CLASS=INTERNET |>>>>>,c4:d9:87:04:a2:c7,ff:ff:ff:ff:ff:ff,Intel Corporate,Vendor Not Found,Unknown Protocol
5,152.199.21.118,192.168.100.19,6,118,"<Ether  dst=b4:6b:fc:c7:e5:6b src=04:b0:e7:65:21:ef type=IPv4 |<IP  version=4 ihl=5 tos=0x0 len=104 id=29675 flags= frag=0 ttl=57 proto=tcp chksum=0x3aac src=152.199.21.118 dst=192.168.100.19 |<TCP  sport=https dport=49343 seq=3064569153 ack=2861359367 dataofs=5 reserved=0 flags=PA window=133 chksum=0xebe9 urgptr=0 |<Raw  load=""\x17\x03\x03\x00;\\x9f\x07>=6c\\xed\\xc6\x05\\xd6T0\\x8f\\xf6\x17\\xe4:u\\x84\\xe5\\\\xddl@k\\xa3\x0cOAץ\r0K8\\x82'j(\x0b\\xda\x19\\xec\\xe9Y|\\xec\\xa4B\\xb8\x19\\xfen\\xad\\xb9\x04\\xa8\\x88J"" |>>>>",04:b0:e7:65:21:ef,b4:6b:fc:c7:e5:6b,"HUAWEI TECHNOLOGIES CO.,LTD",Intel Corporate,Unknown Protocol
6,192.168.100.19,152.199.21.118,6,54,<Ether  dst=04:b0:e7:65:21:ef src=b4:6b:fc:c7:e5:6b type=IPv4 |<IP  version=4 ihl=5 tos=0x0 len=40 id=48959 flags=DF frag=0 ttl=128 proto=tcp chksum=0x6897 src=192.168.100.19 dst=152.199.21.118 |<TCP  sport=49343 dport=https seq=2861359367 ack=3064569217 dataofs=5 reserved=0 flags=A window=1023 chksum=0x36a2 urgptr=0 |>>>,b4:6b:fc:c7:e5:6b,04:b0:e7:65:21:ef,Intel Corporate,"HUAWEI TECHNOLOGIES CO.,LTD",Unknown Protocol
7,152.199.21.118,192.168.100.19,6,85,<Ether  dst=b4:6b:fc:c7:e5:6b src=04:b0:e7:65:21:ef type=IPv4 |<IP  version=4 ihl=5 tos=0x0 len=71 id=29676 flags= frag=0 ttl=57 proto=tcp chksum=0x3acc src=152.199.21.118 dst=192.168.100.19 |<TCP  sport=https dport=49343 seq=3064569217 ack=2861359367 dataofs=5 reserved=0 flags=PA window=133 chksum=0xb43 urgptr=0 |<Raw  load='\x15\x03\x03\x00\x1a\\x9f\x07>=6c\\xed\\xc7\\xec\\xcc$\\x8b[\t\\xc1Dl\x0b\\xd7?$\\x9e$\\xc5\\xf37' |>>>>,04:b0:e7:65:21:ef,b4:6b:fc:c7:e5:6b,"HUAWEI TECHNOLOGIES CO.,LTD",Intel Corporate,Unknown Protocol
8,152.199.21.118,192.168.100.19,6,54,<Ether  dst=b4:6b:fc:c7:e5:6b src=04:b0:e7:65:21:ef type=IPv4 |<IP  version=4 ihl=5 tos=0x0 len=40 id=29677 flags= frag=0 ttl=57 proto=tcp chksum=0x3aea src=152.199.21.118 dst=192.168.100.19 |<TCP  sport=https dport=49343 seq=3064569248 ack=2861359367 dataofs=5 reserved=0 flags=FA window=133 chksum=0x39fc urgptr=0 |>>>,04:b0:e7:65:21:ef,b4:6b:fc:c7:e5:6b,"HUAWEI TECHNOLOGIES CO.,LTD",Intel Corporate,Unknown Protocol
9,192.168.100.19,152.199.21.118,6,54,<Ether  dst=04:b0:e7:65:21:ef src=b4:6b:fc:c7:e5:6b type=IPv4 |<IP  version=4 ihl=5 tos=0x0 len=40 id=48960 flags=DF frag=0 ttl=128 proto=tcp chksum=0x6896 src=192.168.100.19 dst=152.199.21.118 |<TCP  sport=49343 dport=https seq=2861359367 ack=3064569249 dataofs=5 reserved=0 flags=A window=1022 chksum=0x3683 urgptr=0 |>>>,b4:6b:fc:c7:e5:6b,04:b0:e7:65:21:ef,Intel Corporate,"HUAWEI TECHNOLOGIES CO.,LTD",Unknown Protocol
10,,,,188,"<Ether  dst=b4:6b:fc:c7:e5:6b src=04:b0:e7:65:21:ef type=IPv6 |<IPv6  version=6 tc=0 fl=0 plen=134 nh=UDP hlim=1 src=fe80::1 dst=ff05::c |<UDP  sport=58991 dport=ssdp len=134 chksum=0xd418 |<Raw  load='M-SEARCH * HTTP/1.1\r\nHOST: [FF05::C]:1900\r\nMAN: ""ssdp:discover""\r\nMX: 5\r\nST: urn:schemas-upnp-org:device:ManageableDevice:1\r\n\r\n' |>>>>",04:b0:e7:65:21:ef,b4:6b:fc:c7:e5:6b,"HUAWEI TECHNOLOGIES CO.,LTD",Intel Corporate,Unknown Protocol
11,,,,188,"<Ether  dst=b4:6b:fc:c7:e5:6b src=04:b0:e7:65:21:ef type=IPv6 |<IPv6  version=6 tc=0 fl=0 plen=134 nh=UDP hlim=1 src=fe80::1 dst=ff05::c |<UDP  sport=58991 dport=ssdp len=134 chksum=0xd418 |<Raw  load='M-SEARCH * HTTP/1.1\r\nHOST: [FF05::C]:1900\r\nMAN: ""ssdp:discover""\r\nMX: 5\r\nST: urn:schemas-upnp-org:device:ManageableDevice:1\r\n\r\n' |>>>>",04:b0:e7:65:21:ef,b4:6b:fc:c7:e5:6b,"HUAWEI TECHNOLOGIES CO.,LTD",Intel Corporate,Unknown Protocol
12,,,,188,"<Ether  dst=b4:6b:fc:c7:e5:6b src=04:b0:e7:65:21:ef type=IPv6 |<IPv6  version=6 tc=0 fl=0 plen=134 nh=UDP hlim=1 src=fe80::1 dst=ff02::c |<UDP  sport=58991 dport=ssdp len=134 chksum=0xd41e |<Raw  load='M-SEARCH * HTTP/1.1\r\nHOST: [FF02::C]:1900\r\nMAN: ""ssdp:discover""\r\nMX: 5\r\nST: urn:schemas-upnp-org:device:ManageableDevice:1\r\n\r\n' |>>>>",04:b0:e7:65:21:ef,b4:6b:fc:c7:e5:6b,"HUAWEI TECHNOLOGIES CO.,LTD",Intel Corporate,Unknown Protocol
13,,,,188,"<Ether  dst=b4:6b:fc:c7:e5:6b src=04:b0:e7:65:21:ef type=IPv6 |<IPv6  version=6 tc=0 fl=0 plen=134 nh=UDP hlim=1 src=fe80::1 dst=ff02::c |<UDP  sport=58991 dport=ssdp len=134 chksum=0xd41e |<Raw  load='M-SEARCH * HTTP/1.1\r\nHOST: [FF02::C]:1900\r\nMAN: ""ssdp:discover""\r\nMX: 5\r\nST: urn:schemas-upnp-org:device:ManageableDevice:1\r\n\r\n' |>>>>",04:b0:e7:65:21:ef,b4:6b:fc:c7:e5:6b,"HUAWEI TECHNOLOGIES CO.,LTD",Intel Corporate,Unknown Protocol
14,192.168.100.1,239.255.255.250,17,174,"<Ether  dst=b4:6b:fc:c7:e5:6b src=04:b0:e7:65:21:ef type=IPv4 |<IP  version=4 ihl=5 tos=0x0 len=160 id=62397 flags=DF frag=0 ttl=4 proto=udp chksum=0x6deb src=192.168.100.1 dst=239.255.255.250 |<UDP  sport=33642 dport=ssdp len=140 chksum=0xb6d2 |<Raw  load='M-SEARCH * HTTP/1.1\r\nHOST: 239.255.255.250:1900\r\nMAN: ""ssdp:discover""\r\nMX: 5\r\nST: urn:schemas-upnp-org:device:ManageableDevice:1\r\n\r\n' |>>>>",04:b0:e7:65:21:ef,b4:6b:fc:c7:e5:6b,"HUAWEI TECHNOLOGIES CO.,LTD",Intel Corporate,Unknown Protocol
15,192.168.100.1,239.255.255.250,17,174,"<Ether  dst=b4:6b:fc:c7:e5:6b src=04:b0:e7:65:21:ef type=IPv4 |<IP  version=4 ihl=5 tos=0x0 len=160 id=62411 flags=DF frag=0 ttl=4 proto=udp chksum=0x6ddd src=192.168.100.1 dst=239.255.255.250 |<UDP  sport=33642 dport=ssdp len=140 chksum=0xb6d2 |<Raw  load='M-SEARCH * HTTP/1.1\r\nHOST: 239.255.255.250:1900\r\nMAN: ""ssdp:discover""\r\nMX: 5\r\nST: urn:schemas-upnp-org:device:ManageableDevice:1\r\n\r\n' |>>>>",04:b0:e7:65:21:ef,b4:6b:fc:c7:e5:6b,"HUAWEI TECHNOLOGIES CO.,LTD",Intel Corporate,Unknown Protocol
16,,,,189,"<Ether  dst=b4:6b:fc:c7:e5:6b src=04:b0:e7:65:21:ef type=IPv6 |<IPv6  version=6 tc=0 fl=0 plen=135 nh=UDP hlim=1 src=fe80::1 dst=ff05::c |<UDP  sport=58991 dport=ssdp len=135 chksum=0x8c79 |<Raw  load='M-SEARCH * HTTP/1.1\r\nHOST: [FF05::C]:1900\r\nMAN: ""ssdp:discover""\r\nMX: 5\r\nST: urn:www-huawei-com:service:NetworkSyncService:1\r\n\r\n' |>>>>",04:b0:e7:65:21:ef,b4:6b:fc:c7:e5:6b,"HUAWEI TECHNOLOGIES CO.,LTD",Intel Corporate,Unknown Protocol
17,,,,189,"<Ether  dst=b4:6b:fc:c7:e5:6b src=04:b0:e7:65:21:ef type=IPv6 |<IPv6  version=6 tc=0 fl=0 plen=135 nh=UDP hlim=1 src=fe80::1 dst=ff05::c |<UDP  sport=58991 dport=ssdp len=135 chksum=0x8c79 |<Raw  load='M-SEARCH * HTTP/1.1\r\nHOST: [FF05::C]:1900\r\nMAN: ""ssdp:discover""\r\nMX: 5\r\nST: urn:www-huawei-com:service:NetworkSyncService:1\r\n\r\n' |>>>>",04:b0:e7:65:21:ef,b4:6b:fc:c7:e5:6b,"HUAWEI TECHNOLOGIES CO.,LTD",Intel Corporate,Unknown Protocol
18,,,,189,"<Ether  dst=b4:6b:fc:c7:e5:6b src=04:b0:e7:65:21:ef type=IPv6 |<IPv6  version=6 tc=0 fl=0 plen=135 nh=UDP hlim=1 src=fe80::1 dst=ff02::c |<UDP  sport=58991 dport=ssdp len=135 chksum=0x8c7f |<Raw  load='M-SEARCH * HTTP/1.1\r\nHOST: [FF02::C]:1900\r\nMAN: ""ssdp:discover""\r\nMX: 5\r\nST: urn:www-huawei-com:service:NetworkSyncService:1\r\n\r\n' |>>>>",04:b0:e7:65:21:ef,b4:6b:fc:c7:e5:6b,"HUAWEI TECHNOLOGIES CO.,LTD",Intel Corporate,Unknown Protocol
19,,,,189,"<Ether  dst=b4:6b:fc:c7:e5:6b src=04:b0:e7:65:21:ef type=IPv6 |<IPv6  version=6 tc=0 fl=0 plen=135 nh=UDP hlim=1 src=fe80::1 dst=ff02::c |<UDP  sport=58991 dport=ssdp len=135 chksum=0x8c7f |<Raw  load='M-SEARCH * HTTP/1.1\r\nHOST: [FF02::C]:1900\r\nMAN: ""ssdp:discover""\r\nMX: 5\r\nST: urn:www-huawei-com:service:NetworkSyncService:1\r\n\r\n' |>>>>",04:b0:e7:65:21:ef,b4:6b:fc:c7:e5:6b,"HUAWEI TECHNOLOGIES CO.,LTD",Intel Corporate,Unknown Protocol
20,192.168.100.19,20.198.119.84,6,98,"<Ether  dst=04:b0:e7:65:21:ef src=b4:6b:fc:c7:e5:6b type=IPv4 |<IP  version=4 ihl=5 tos=0x0 len=84 id=15337 flags=DF frag=0 ttl=128 proto=tcp chksum=0xde5 src=192.168.100.19 dst=20.198.119.84 |<TCP  sport=51727 dport=https seq=2914063930 ack=358296950 dataofs=5 reserved=0 flags=PA window=258 chksum=0x748d urgptr=0 |<Raw  load=""\x17\x03\x03\x00'\x00\x00\x00\x00\x00\x00\x00cFT\u0601$\\xfd\\xa1e\\xfa%\\x97J\\xcb\x03\\x89:\x0b<iP^`2ˌ\n\\xbc\\xb5\\x8d\\xb2\t"" |>>>>",b4:6b:fc:c7:e5:6b,04:b0:e7:65:21:ef,Intel Corporate,"HUAWEI TECHNOLOGIES CO.,LTD",Unknown Protocol
21,20.198.119.84,192.168.100.19,6,229,"<Ether  dst=b4:6b:fc:c7:e5:6b src=04:b0:e7:65:21:ef type=IPv4 |<IP  version=4 ihl=5 tos=0x0 len=215 id=20242 flags= frag=0 ttl=111 proto=tcp chksum=0x4b39 src=20.198.119.84 dst=192.168.100.19 |<TCP  sport=https dport=51727 seq=358296950 ack=2914063974 dataofs=5 reserved=0 flags=PA window=7933 chksum=0xa4e3 urgptr=0 |<Raw  load='\x17\x03\x03\x00\\xaa\x00\x00\x00\x00\x00\x00\x00d\\xbc""\\xa0\\xcb\x01Ij\\xe9\x0c+\x00\x11g\\xa2i\\x9a\x0eF\\x83\\\rD\\xec,\\xfd#ނi\x1b\\xd4&\x14\x14t\\x99\x07\\xd1n\\xe0\\x9d\\xa4\\xa8w\\xa5\\xdd\\xc3\x01f\x07\\x81h\\xa91\\xe6\x03\\xad\x1dd\\xf0\\x85皽\\xf0C@\x0b,\\x98b\\xd3\\xd9XҶ:\t\\x88\tG\\xb25 a.\\xc1\\xec\x0bpo\\xa8\\xb0j/C`AX\\xb3\\x8f\x06@\\xa7\\x88\\xd5ȇ\\xf1u\\x98*ڨ\\xb2$\\xcez\\xa4\\xb5\\x8d6\\x90}s9U\\xaaX\t\\xac\\xb7\\\x01\x1au\\xa4\\xee\\xe9\\xf7\\xab\\xfb\\xe1\\xa1L\\xa7\\xe1\'\\xb1\x0b\\xa5\\xabh\\)\x1c\\x83\\xae\\xeb!}\\xa3' |>>>>",04:b0:e7:65:21:ef,b4:6b:fc:c7:e5:6b,"HUAWEI TECHNOLOGIES CO.,LTD",Intel Corporate,Unknown Protocol
22,192.168.100.19,20.198.119.84,6,54,<Ether  dst=04:b0:e7:65:21:ef src=b4:6b:fc:c7:e5:6b type=IPv4 |<IP  version=4 ihl=5 tos=0x0 len=40 id=15338 flags=DF frag=0 ttl=128 proto=tcp chksum=0xe10 src=192.168.100.19 dst=20.198.119.84 |<TCP  sport=51727 dport=https seq=2914063974 ack=358297125 dataofs=5 reserved=0 flags=A window=257 chksum=0x2a9b urgptr=0 |>>>,b4:6b:fc:c7:e5:6b,04:b0:e7:65:21:ef,Intel Corporate,"HUAWEI TECHNOLOGIES CO.,LTD",Unknown Protocol
23,192.168.100.1,239.255.255.250,17,175,"<Ether  dst=b4:6b:fc:c7:e5:6b src=04:b0:e7:65:21:ef type=IPv4 |<IP  version=4 ihl=5 tos=0x0 len=161 id=62512 flags=DF frag=0 ttl=4 proto=udp chksum=0x6d77 src=192.168.100.1 dst=239.255.255.250 |<UDP  sport=33642 dport=ssdp len=141 chksum=0x6f33 |<Raw  load='M-SEARCH * HTTP/1.1\r\nHOST: 239.255.255.250:1900\r\nMAN: ""ssdp:discover""\r\nMX: 5\r\nST: urn:www-huawei-com:service:NetworkSyncService:1\r\n\r\n' |>>>>",04:b0:e7:65:21:ef,b4:6b:fc:c7:e5:6b,"HUAWEI TECHNOLOGIES CO.,LTD",Intel Corporate,Unknown Protocol
24,192.168.100.1,239.255.255.250,17,175,"<Ether  dst=b4:6b:fc:c7:e5:6b src=04:b0:e7:65:21:ef type=IPv4 |<IP  version=4 ihl=5 tos=0x0 len=161 id=62513 flags=DF frag=0 ttl=4 proto=udp chksum=0x6d76 src=192.168.100.1 dst=239.255.255.250 |<UDP  sport=33642 dport=ssdp len=141 chksum=0x6f33 |<Raw  load='M-SEARCH * HTTP/1.1\r\nHOST: 239.255.255.250:1900\r\nMAN: ""ssdp:discover""\r\nMX: 5\r\nST: urn:www-huawei-com:service:NetworkSyncService:1\r\n\r\n' |>>>>",04:b0:e7:65:21:ef,b4:6b:fc:c7:e5:6b,"HUAWEI TECHNOLOGIES CO.,LTD",Intel Corporate,Unknown Protocol
25,192.168.100.13,224.0.0.251,17,103,<Ether  dst=b4:6b:fc:c7:e5:6b src=5a:3f:ca:a1:ab:9a type=IPv4 |<IP  version=4 ihl=5 tos=0x0 len=89 id=41138 flags=DF frag=0 ttl=255 proto=udp chksum=0xd52f src=192.168.100.13 dst=224.0.0.251 |<UDP  sport=5353 dport=5353 len=69 chksum=0xcaa4 |<DNS  id=15 qr=0 opcode=QUERY aa=0 tc=0 rd=0 ra=0 z=0 ad=0 cd=0 rcode=ok qdcount=2 ancount=0 nscount=0 arcount=0 qd=<DNSQR  qname='_CA5E8412._sub._googlecast._tcp.local.' qtype=PTR qclass=IN |<DNSQR  qname='_googlecast._tcp.local.' qtype=PTR qclass=IN |>> an=None ns=None ar=None |>>>>,5a:3f:ca:a1:ab:9a,b4:6b:fc:c7:e5:6b,Vendor Not Found,Intel Corporate,Unknown Protocol
26,192.168.100.13,239.255.255.250,17,164,"<Ether  dst=b4:6b:fc:c7:e5:6b src=5a:3f:ca:a1:ab:9a type=IPv4 |<IP  version=4 ihl=5 tos=0x0 len=150 id=56626 flags=DF frag=0 ttl=1 proto=udp chksum=0x8774 src=192.168.100.13 dst=239.255.255.250 |<UDP  sport=37579 dport=ssdp len=130 chksum=0x6b4e |<Raw  load='M-SEARCH * HTTP/1.1\r\nHOST: 239.255.255.250:1900\r\nMAN: ""ssdp:discover""\r\nST: urn:mdx-netflix-com:service:target:1\r\nMX: 2\r\n\r\n' |>>>>",5a:3f:ca:a1:ab:9a,b4:6b:fc:c7:e5:6b,Vendor Not Found,Intel Corporate,Unknown Protocol
27,192.168.100.13,239.255.255.250,17,167,"<Ether  dst=b4:6b:fc:c7:e5:6b src=5a:3f:ca:a1:ab:9a type=IPv4 |<IP  version=4 ihl=5 tos=0x0 len=153 id=56627 flags=DF frag=0 ttl=1 proto=udp chksum=0x8770 src=192.168.100.13 dst=239.255.255.250 |<UDP  sport=44310 dport=ssdp len=133 chksum=0xbe70 |<Raw  load='M-SEARCH * HTTP/1.1\r\nHOST: 239.255.255.250:1900\r\nMAN: ""ssdp:discover""\r\nST: urn:dial-multiscreen-org:service:dial:1\r\nMX: 2\r\n\r\n' |>>>>",5a:3f:ca:a1:ab:9a,b4:6b:fc:c7:e5:6b,Vendor Not Found,Intel Corporate,Unknown Protocol
28,192.168.100.13,239.255.255.250,17,167,"<Ether  dst=b4:6b:fc:c7:e5:6b src=5a:3f:ca:a1:ab:9a type=IPv4 |<IP  version=4 ihl=5 tos=0x0 len=153 id=56865 flags=DF frag=0 ttl=1 proto=udp chksum=0x8682 src=192.168.100.13 dst=239.255.255.250 |<UDP  sport=59005 dport=ssdp len=133 chksum=0x8509 |<Raw  load='M-SEARCH * HTTP/1.1\r\nHOST: 239.255.255.250:1900\r\nMAN: ""ssdp:discover""\r\nST: urn:dial-multiscreen-org:service:dial:1\r\nMX: 2\r\n\r\n' |>>>>",5a:3f:ca:a1:ab:9a,b4:6b:fc:c7:e5:6b,Vendor Not Found,Intel Corporate,Unknown Protocol
29,192.168.100.13,239.255.255.250,17,164,"<Ether  dst=b4:6b:fc:c7:e5:6b src=5a:3f:ca:a1:ab:9a type=IPv4 |<IP  version=4 ihl=5 tos=0x0 len=150 id=56866 flags=DF frag=0 ttl=1 proto=udp chksum=0x8684 src=192.168.100.13 dst=239.255.255.250 |<UDP  sport=45300 dport=ssdp len=130 chksum=0x4d25 |<Raw  load='M-SEARCH * HTTP/1.1\r\nHOST: 239.255.255.250:1900\r\nMAN: ""ssdp:discover""\r\nST: urn:mdx-netflix-com:service:target:1\r\nMX: 2\r\n\r\n' |>>>>",5a:3f:ca:a1:ab:9a,b4:6b:fc:c7:e5:6b,Vendor Not Found,Intel Corporate,Unknown Protocol
30,192.168.100.18,239.255.255.250,17,217,"<Ether  dst=b4:6b:fc:c7:e5:6b src=c4:d9:87:04:a2:c7 type=IPv4 |<IP  version=4 ihl=5 tos=0x0 len=203 id=28987 flags= frag=0 ttl=1 proto=udp chksum=0x3332 src=192.168.100.18 dst=239.255.255.250 |<UDP  sport=58515 dport=ssdp len=183 chksum=0x8c55 |<Raw  load='M-SEARCH * HTTP/1.1\r\nHOST: 239.255.255.250:1900\r\nMAN: ""ssdp:discover""\r\nMX: 1\r\nST: urn:dial-multiscreen-org:service:dial:1\r\nUSER-AGENT: Google Chrome/124.0.6367.118 Windows\r\n\r\n' |>>>>",c4:d9:87:04:a2:c7,b4:6b:fc:c7:e5:6b,Intel Corporate,Intel Corporate,Unknown Protocol
31,192.168.100.13,239.255.255.250,17,167,"<Ether  dst=b4:6b:fc:c7:e5:6b src=5a:3f:ca:a1:ab:9a type=IPv4 |<IP  version=4 ihl=5 tos=0x0 len=153 id=57093 flags=DF frag=0 ttl=1 proto=udp chksum=0x859e src=192.168.100.13 dst=239.255.255.250 |<UDP  sport=58257 dport=ssdp len=133 chksum=0x87f5 |<Raw  load='M-SEARCH * HTTP/1.1\r\nHOST: 239.255.255.250:1900\r\nMAN: ""ssdp:discover""\r\nST: urn:dial-multiscreen-org:service:dial:1\r\nMX: 2\r\n\r\n' |>>>>",5a:3f:ca:a1:ab:9a,b4:6b:fc:c7:e5:6b,Vendor Not Found,Intel Corporate,Unknown Protocol
32,192.168.100.13,239.255.255.250,17,164,"<Ether  dst=b4:6b:fc:c7:e5:6b src=5a:3f:ca:a1:ab:9a type=IPv4 |<IP  version=4 ihl=5 tos=0x0 len=150 id=57094 flags=DF frag=0 ttl=1 proto=udp chksum=0x85a0 src=192.168.100.13 dst=239.255.255.250 |<UDP  sport=33493 dport=ssdp len=130 chksum=0x7b44 |<Raw  load='M-SEARCH * HTTP/1.1\r\nHOST: 239.255.255.250:1900\r\nMAN: ""ssdp:discover""\r\nST: urn:mdx-netflix-com:service:target:1\r\nMX: 2\r\n\r\n' |>>>>",5a:3f:ca:a1:ab:9a,b4:6b:fc:c7:e5:6b,Vendor Not Found,Intel Corporate,Unknown Protocol
33,192.168.100.18,239.255.255.250,17,217,"<Ether  dst=b4:6b:fc:c7:e5:6b src=c4:d9:87:04:a2:c7 type=IPv4 |<IP  version=4 ihl=5 tos=0x0 len=203 id=28988 flags= frag=0 ttl=1 proto=udp chksum=0x3331 src=192.168.100.18 dst=239.255.255.250 |<UDP  sport=58515 dport=ssdp len=183 chksum=0x8c55 |<Raw  load='M-SEARCH * HTTP/1.1\r\nHOST: 239.255.255.250:1900\r\nMAN: ""ssdp:discover""\r\nMX: 1\r\nST: urn:dial-multiscreen-org:service:dial:1\r\nUSER-AGENT: Google Chrome/124.0.6367.118 Windows\r\n\r\n' |>>>>",c4:d9:87:04:a2:c7,b4:6b:fc:c7:e5:6b,Intel Corporate,Intel Corporate,Unknown Protocol
34,192.168.100.18,239.255.255.250,17,217,"<Ether  dst=b4:6b:fc:c7:e5:6b src=c4:d9:87:04:a2:c7 type=IPv4 |<IP  version=4 ihl=5 tos=0x0 len=203 id=28989 flags= frag=0 ttl=1 proto=udp chksum=0x3330 src=192.168.100.18 dst=239.255.255.250 |<UDP  sport=58515 dport=ssdp len=183 chksum=0x8c55 |<Raw  load='M-SEARCH * HTTP/1.1\r\nHOST: 239.255.255.250:1900\r\nMAN: ""ssdp:discover""\r\nMX: 1\r\nST: urn:dial-multiscreen-org:service:dial:1\r\nUSER-AGENT: Google Chrome/124.0.6367.118 Windows\r\n\r\n' |>>>>",c4:d9:87:04:a2:c7,b4:6b:fc:c7:e5:6b,Intel Corporate,Intel Corporate,Unknown Protocol
35,192.168.100.18,239.255.255.250,17,217,"<Ether  dst=b4:6b:fc:c7:e5:6b src=c4:d9:87:04:a2:c7 type=IPv4 |<IP  version=4 ihl=5 tos=0x0 len=203 id=28990 flags= frag=0 ttl=1 proto=udp chksum=0x332f src=192.168.100.18 dst=239.255.255.250 |<UDP  sport=58515 dport=ssdp len=183 chksum=0x8c55 |<Raw  load='M-SEARCH * HTTP/1.1\r\nHOST: 239.255.255.250:1900\r\nMAN: ""ssdp:discover""\r\nMX: 1\r\nST: urn:dial-multiscreen-org:service:dial:1\r\nUSER-AGENT: Google Chrome/124.0.6367.118 Windows\r\n\r\n' |>>>>",c4:d9:87:04:a2:c7,b4:6b:fc:c7:e5:6b,Intel Corporate,Intel Corporate,Unknown Protocol
36,52.113.194.132,192.168.100.19,6,54,<Ether  dst=b4:6b:fc:c7:e5:6b src=04:b0:e7:65:21:ef type=IPv4 |<IP  version=4 ihl=5 tos=0x0 len=40 id=31644 flags= frag=0 ttl=120 proto=tcp chksum=0xab82 src=52.113.194.132 dst=192.168.100.19 |<TCP  sport=https dport=49350 seq=1069027964 ack=3154714017 dataofs=5 reserved=0 flags=RA window=0 chksum=0xa5be urgptr=0 |>>>,04:b0:e7:65:21:ef,b4:6b:fc:c7:e5:6b,"HUAWEI TECHNOLOGIES CO.,LTD",Intel Corporate,Unknown Protocol
37,192.168.100.13,224.0.0.251,17,103,<Ether  dst=b4:6b:fc:c7:e5:6b src=5a:3f:ca:a1:ab:9a type=IPv4 |<IP  version=4 ihl=5 tos=0x0 len=89 id=45330 flags=DF frag=0 ttl=255 proto=udp chksum=0xc4cf src=192.168.100.13 dst=224.0.0.251 |<UDP  sport=5353 dport=5353 len=69 chksum=0xcaa3 |<DNS  id=16 qr=0 opcode=QUERY aa=0 tc=0 rd=0 ra=0 z=0 ad=0 cd=0 rcode=ok qdcount=2 ancount=0 nscount=0 arcount=0 qd=<DNSQR  qname='_CA5E8412._sub._googlecast._tcp.local.' qtype=PTR qclass=IN |<DNSQR  qname='_googlecast._tcp.local.' qtype=PTR qclass=IN |>> an=None ns=None ar=None |>>>>,5a:3f:ca:a1:ab:9a,b4:6b:fc:c7:e5:6b,Vendor Not Found,Intel Corporate,Unknown Protocol
38,192.168.100.13,239.255.255.250,17,167,"<Ether  dst=b4:6b:fc:c7:e5:6b src=5a:3f:ca:a1:ab:9a type=IPv4 |<IP  version=4 ihl=5 tos=0x0 len=153 id=61001 flags=DF frag=0 ttl=1 proto=udp chksum=0x765a src=192.168.100.13 dst=239.255.255.250 |<UDP  sport=44162 dport=ssdp len=133 chksum=0xbf04 |<Raw  load='M-SEARCH * HTTP/1.1\r\nHOST: 239.255.255.250:1900\r\nMAN: ""ssdp:discover""\r\nST: urn:dial-multiscreen-org:service:dial:1\r\nMX: 2\r\n\r\n' |>>>>",5a:3f:ca:a1:ab:9a,b4:6b:fc:c7:e5:6b,Vendor Not Found,Intel Corporate,Unknown Protocol
39,192.168.100.13,239.255.255.250,17,164,"<Ether  dst=b4:6b:fc:c7:e5:6b src=5a:3f:ca:a1:ab:9a type=IPv4 |<IP  version=4 ihl=5 tos=0x0 len=150 id=61002 flags=DF frag=0 ttl=1 proto=udp chksum=0x765c src=192.168.100.13 dst=239.255.255.250 |<UDP  sport=52482 dport=ssdp len=130 chksum=0x3117 |<Raw  load='M-SEARCH * HTTP/1.1\r\nHOST: 239.255.255.250:1900\r\nMAN: ""ssdp:discover""\r\nST: urn:mdx-netflix-com:service:target:1\r\nMX: 2\r\n\r\n' |>>>>",5a:3f:ca:a1:ab:9a,b4:6b:fc:c7:e5:6b,Vendor Not Found,Intel Corporate,Unknown Protocol
40,192.168.100.13,239.255.255.250,17,167,"<Ether  dst=b4:6b:fc:c7:e5:6b src=5a:3f:ca:a1:ab:9a type=IPv4 |<IP  version=4 ihl=5 tos=0x0 len=153 id=61451 flags=DF frag=0 ttl=1 proto=udp chksum=0x7498 src=192.168.100.13 dst=239.255.255.250 |<UDP  sport=53586 dport=ssdp len=133 chksum=0x9a34 |<Raw  load='M-SEARCH * HTTP/1.1\r\nHOST: 239.255.255.250:1900\r\nMAN: ""ssdp:discover""\r\nST: urn:dial-multiscreen-org:service:dial:1\r\nMX: 2\r\n\r\n' |>>>>",5a:3f:ca:a1:ab:9a,b4:6b:fc:c7:e5:6b,Vendor Not Found,Intel Corporate,Unknown Protocol
41,192.168.100.13,239.255.255.250,17,164,"<Ether  dst=b4:6b:fc:c7:e5:6b src=5a:3f:ca:a1:ab:9a type=IPv4 |<IP  version=4 ihl=5 tos=0x0 len=150 id=61452 flags=DF frag=0 ttl=1 proto=udp chksum=0x749a src=192.168.100.13 dst=239.255.255.250 |<UDP  sport=50611 dport=ssdp len=130 chksum=0x3866 |<Raw  load='M-SEARCH * HTTP/1.1\r\nHOST: 239.255.255.250:1900\r\nMAN: ""ssdp:discover""\r\nST: urn:mdx-netflix-com:service:target:1\r\nMX: 2\r\n\r\n' |>>>>",5a:3f:ca:a1:ab:9a,b4:6b:fc:c7:e5:6b,Vendor Not Found,Intel Corporate,Unknown Protocol
42,192.168.100.13,239.255.255.250,17,167,"<Ether  dst=b4:6b:fc:c7:e5:6b src=5a:3f:ca:a1:ab:9a type=IPv4 |<IP  version=4 ihl=5 tos=0x0 len=153 id=61691 flags=DF frag=0 ttl=1 proto=udp chksum=0x73a8 src=192.168.100.13 dst=239.255.255.250 |<UDP  sport=55115 dport=ssdp len=133 chksum=0x943b |<Raw  load='M-SEARCH * HTTP/1.1\r\nHOST: 239.255.255.250:1900\r\nMAN: ""ssdp:discover""\r\nST: urn:dial-multiscreen-org:service:dial:1\r\nMX: 2\r\n\r\n' |>>>>",5a:3f:ca:a1:ab:9a,b4:6b:fc:c7:e5:6b,Vendor Not Found,Intel Corporate,Unknown Protocol
43,192.168.100.13,239.255.255.250,17,164,"<Ether  dst=b4:6b:fc:c7:e5:6b src=5a:3f:ca:a1:ab:9a type=IPv4 |<IP  version=4 ihl=5 tos=0x0 len=150 id=61692 flags=DF frag=0 ttl=1 proto=udp chksum=0x73aa src=192.168.100.13 dst=239.255.255.250 |<UDP  sport=51635 dport=ssdp len=130 chksum=0x3466 |<Raw  load='M-SEARCH * HTTP/1.1\r\nHOST: 239.255.255.250:1900\r\nMAN: ""ssdp:discover""\r\nST: urn:mdx-netflix-com:service:target:1\r\nMX: 2\r\n\r\n' |>>>>",5a:3f:ca:a1:ab:9a,b4:6b:fc:c7:e5:6b,Vendor Not Found,Intel Corporate,Unknown Protocol
44,192.168.100.19,13.67.9.5,6,55,<Ether  dst=04:b0:e7:65:21:ef src=b4:6b:fc:c7:e5:6b type=IPv4 |<IP  version=4 ihl=5 tos=0x0 len=41 id=8040 flags=DF frag=0 ttl=128 proto=tcp chksum=0xa063 src=192.168.100.19 dst=13.67.9.5 |<TCP  sport=49323 dport=https seq=2746986492 ack=2814690637 dataofs=5 reserved=0 flags=A window=258 chksum=0xf09c urgptr=0 |<Raw  load='\x00' |>>>>,b4:6b:fc:c7:e5:6b,04:b0:e7:65:21:ef,Intel Corporate,"HUAWEI TECHNOLOGIES CO.,LTD",Unknown Protocol
45,13.67.9.5,192.168.100.19,6,66,"<Ether  dst=b4:6b:fc:c7:e5:6b src=04:b0:e7:65:21:ef type=IPv4 |<IP  version=4 ihl=5 tos=0x0 len=52 id=46803 flags= frag=0 ttl=108 proto=tcp chksum=0x5ced src=13.67.9.5 dst=192.168.100.19 |<TCP  sport=https dport=49323 seq=2814690637 ack=2746986493 dataofs=8 reserved=0 flags=A window=16385 chksum=0xd414 urgptr=0 options=[('NOP', None), ('NOP', None), ('SAck', (2746986492, 2746986493))] |>>>",04:b0:e7:65:21:ef,b4:6b:fc:c7:e5:6b,"HUAWEI TECHNOLOGIES CO.,LTD",Intel Corporate,Unknown Protocol
46,192.168.100.19,20.42.73.27,6,55,<Ether  dst=04:b0:e7:65:21:ef src=b4:6b:fc:c7:e5:6b type=IPv4 |<IP  version=4 ihl=5 tos=0x0 len=41 id=5004 flags=DF frag=0 ttl=128 proto=tcp chksum=0x6542 src=192.168.100.19 dst=20.42.73.27 |<TCP  sport=49317 dport=https seq=2860427389 ack=1891395692 dataofs=5 reserved=0 flags=A window=254 chksum=0x3e4f urgptr=0 |<Raw  load='\x00' |>>>>,b4:6b:fc:c7:e5:6b,04:b0:e7:65:21:ef,Intel Corporate,"HUAWEI TECHNOLOGIES CO.,LTD",Unknown Protocol
47,20.42.73.27,192.168.100.19,6,66,"<Ether  dst=b4:6b:fc:c7:e5:6b src=04:b0:e7:65:21:ef type=IPv4 |<IP  version=4 ihl=5 tos=0x0 len=52 id=51012 flags= frag=0 ttl=107 proto=tcp chksum=0x67f src=20.42.73.27 dst=192.168.100.19 |<TCP  sport=https dport=49317 seq=1891395692 ack=2860427390 dataofs=8 reserved=0 flags=A window=16384 chksum=0x233c urgptr=0 options=[('NOP', None), ('NOP', None), ('SAck', (2860427389, 2860427390))] |>>>",04:b0:e7:65:21:ef,b4:6b:fc:c7:e5:6b,"HUAWEI TECHNOLOGIES CO.,LTD",Intel Corporate,Unknown Protocol
48,192.168.100.8,224.0.0.22,2,54,"<Ether  dst=b4:6b:fc:c7:e5:6b src=7c:b2:7d:dc:77:e2 type=IPv4 |<IP  version=4 ihl=6 tos=0x0 len=40 id=23942 flags= frag=0 ttl=1 proto=2 chksum=0xc282 src=192.168.100.8 dst=224.0.0.22 options=[<IPOption_Router_Alert  copy_flag=1 optclass=control option=router_alert length=4 alert=router_shall_examine_packet |>] |<Raw  load='""\x00\\xfa\\x8c\x00\x00\x00\x01\x03\x00\x00\x00\\xe0\x00\x00q' |>>>",7c:b2:7d:dc:77:e2,b4:6b:fc:c7:e5:6b,Intel Corporate,Intel Corporate,Unknown Protocol
49,,,,90,"<Ether  dst=b4:6b:fc:c7:e5:6b src=7c:b2:7d:dc:77:e2 type=IPv6 |<IPv6  version=6 tc=0 fl=0 plen=36 nh=Hop-by-Hop Option Header hlim=1 src=fe80::c00a:24aa:7fee:cf2c dst=ff02::16 |<IPv6ExtHdrHopByHop  nh=ICMPv6 len=0 autopad=On options=[<RouterAlert  otype=Router Alert [00: skip, 0: Don't change en-route] optlen=2 value=Datagram contains a MLD message |>, <PadN  otype=PadN [00: skip, 0: Don't change en-route] optlen=0 |>] |<ICMPv6MLReport2  type=MLD Report Version 2 res=0 cksum=0x3c01 reserved=0 records_number=1 records=[<ICMPv6MLDMultAddrRec  rtype=3 auxdata_len=0 sources_number=0 dst=ff02::13a |>] |>>>>",7c:b2:7d:dc:77:e2,b4:6b:fc:c7:e5:6b,Intel Corporate,Intel Corporate,Unknown Protocol
50,192.168.100.8,224.0.0.22,2,54,"<Ether  dst=b4:6b:fc:c7:e5:6b src=7c:b2:7d:dc:77:e2 type=IPv4 |<IP  version=4 ihl=6 tos=0x0 len=40 id=23943 flags= frag=0 ttl=1 proto=2 chksum=0xc281 src=192.168.100.8 dst=224.0.0.22 options=[<IPOption_Router_Alert  copy_flag=1 optclass=control option=router_alert length=4 alert=router_shall_examine_packet |>] |<Raw  load='""\x00\\xf9\\x8c\x00\x00\x00\x01\x04\x00\x00\x00\\xe0\x00\x00q' |>>>",7c:b2:7d:dc:77:e2,b4:6b:fc:c7:e5:6b,Intel Corporate,Intel Corporate,Unknown Protocol
51,,,,90,"<Ether  dst=b4:6b:fc:c7:e5:6b src=7c:b2:7d:dc:77:e2 type=IPv6 |<IPv6  version=6 tc=0 fl=0 plen=36 nh=Hop-by-Hop Option Header hlim=1 src=fe80::c00a:24aa:7fee:cf2c dst=ff02::16 |<IPv6ExtHdrHopByHop  nh=ICMPv6 len=0 autopad=On options=[<RouterAlert  otype=Router Alert [00: skip, 0: Don't change en-route] optlen=2 value=Datagram contains a MLD message |>, <PadN  otype=PadN [00: skip, 0: Don't change en-route] optlen=0 |>] |<ICMPv6MLReport2  type=MLD Report Version 2 res=0 cksum=0x3b01 reserved=0 records_number=1 records=[<ICMPv6MLDMultAddrRec  rtype=4 auxdata_len=0 sources_number=0 dst=ff02::13a |>] |>>>>",7c:b2:7d:dc:77:e2,b4:6b:fc:c7:e5:6b,Intel Corporate,Intel Corporate,Unknown Protocol
52,192.168.100.8,224.0.0.22,2,54,"<Ether  dst=b4:6b:fc:c7:e5:6b src=7c:b2:7d:dc:77:e2 type=IPv4 |<IP  version=4 ihl=6 tos=0x0 len=40 id=23944 flags= frag=0 ttl=1 proto=2 chksum=0xc280 src=192.168.100.8 dst=224.0.0.22 options=[<IPOption_Router_Alert  copy_flag=1 optclass=control option=router_alert length=4 alert=router_shall_examine_packet |>] |<Raw  load='""\x00\\xfa\\x8c\x00\x00\x00\x01\x03\x00\x00\x00\\xe0\x00\x00q' |>>>",7c:b2:7d:dc:77:e2,b4:6b:fc:c7:e5:6b,Intel Corporate,Intel Corporate,Unknown Protocol
53,,,,90,"<Ether  dst=b4:6b:fc:c7:e5:6b src=7c:b2:7d:dc:77:e2 type=IPv6 |<IPv6  version=6 tc=0 fl=0 plen=36 nh=Hop-by-Hop Option Header hlim=1 src=fe80::c00a:24aa:7fee:cf2c dst=ff02::16 |<IPv6ExtHdrHopByHop  nh=ICMPv6 len=0 autopad=On options=[<RouterAlert  otype=Router Alert [00: skip, 0: Don't change en-route] optlen=2 value=Datagram contains a MLD message |>, <PadN  otype=PadN [00: skip, 0: Don't change en-route] optlen=0 |>] |<ICMPv6MLReport2  type=MLD Report Version 2 res=0 cksum=0x3c01 reserved=0 records_number=1 records=[<ICMPv6MLDMultAddrRec  rtype=3 auxdata_len=0 sources_number=0 dst=ff02::13a |>] |>>>>",7c:b2:7d:dc:77:e2,b4:6b:fc:c7:e5:6b,Intel Corporate,Intel Corporate,Unknown Protocol
54,192.168.100.8,224.0.0.22,2,54,"<Ether  dst=b4:6b:fc:c7:e5:6b src=7c:b2:7d:dc:77:e2 type=IPv4 |<IP  version=4 ihl=6 tos=0x0 len=40 id=23945 flags= frag=0 ttl=1 proto=2 chksum=0xc27f src=192.168.100.8 dst=224.0.0.22 options=[<IPOption_Router_Alert  copy_flag=1 optclass=control option=router_alert length=4 alert=router_shall_examine_packet |>] |<Raw  load='""\x00\\xf9\\x8c\x00\x00\x00\x01\x04\x00\x00\x00\\xe0\x00\x00q' |>>>",7c:b2:7d:dc:77:e2,b4:6b:fc:c7:e5:6b,Intel Corporate,Intel Corporate,Unknown Protocol
55,,,,90,"<Ether  dst=b4:6b:fc:c7:e5:6b src=7c:b2:7d:dc:77:e2 type=IPv6 |<IPv6  version=6 tc=0 fl=0 plen=36 nh=Hop-by-Hop Option Header hlim=1 src=fe80::c00a:24aa:7fee:cf2c dst=ff02::16 |<IPv6ExtHdrHopByHop  nh=ICMPv6 len=0 autopad=On options=[<RouterAlert  otype=Router Alert [00: skip, 0: Don't change en-route] optlen=2 value=Datagram contains a MLD message |>, <PadN  otype=PadN [00: skip, 0: Don't change en-route] optlen=0 |>] |<ICMPv6MLReport2  type=MLD Report Version 2 res=0 cksum=0x3b01 reserved=0 records_number=1 records=[<ICMPv6MLDMultAddrRec  rtype=4 auxdata_len=0 sources_number=0 dst=ff02::13a |>] |>>>>",7c:b2:7d:dc:77:e2,b4:6b:fc:c7:e5:6b,Intel Corporate,Intel Corporate,Unknown Protocol
56,192.168.100.8,224.0.0.22,2,54,"<Ether  dst=b4:6b:fc:c7:e5:6b src=7c:b2:7d:dc:77:e2 type=IPv4 |<IP  version=4 ihl=6 tos=0x0 len=40 id=23946 flags= frag=0 ttl=1 proto=2 chksum=0xc27e src=192.168.100.8 dst=224.0.0.22 options=[<IPOption_Router_Alert  copy_flag=1 optclass=control option=router_alert length=4 alert=router_shall_examine_packet |>] |<Raw  load='""\x00\\xf9\\x8c\x00\x00\x00\x01\x04\x00\x00\x00\\xe0\x00\x00q' |>>>",7c:b2:7d:dc:77:e2,b4:6b:fc:c7:e5:6b,Intel Corporate,Intel Corporate,Unknown Protocol
57,,,,90,"<Ether  dst=b4:6b:fc:c7:e5:6b src=7c:b2:7d:dc:77:e2 type=IPv6 |<IPv6  version=6 tc=0 fl=0 plen=36 nh=Hop-by-Hop Option Header hlim=1 src=fe80::c00a:24aa:7fee:cf2c dst=ff02::16 |<IPv6ExtHdrHopByHop  nh=ICMPv6 len=0 autopad=On options=[<RouterAlert  otype=Router Alert [00: skip, 0: Don't change en-route] optlen=2 value=Datagram contains a MLD message |>, <PadN  otype=PadN [00: skip, 0: Don't change en-route] optlen=0 |>] |<ICMPv6MLReport2  type=MLD Report Version 2 res=0 cksum=0x3b01 reserved=0 records_number=1 records=[<ICMPv6MLDMultAddrRec  rtype=4 auxdata_len=0 sources_number=0 dst=ff02::13a |>] |>>>>",7c:b2:7d:dc:77:e2,b4:6b:fc:c7:e5:6b,Intel Corporate,Intel Corporate,Unknown Protocol
58,192.168.100.13,224.0.0.251,17,103,<Ether  dst=b4:6b:fc:c7:e5:6b src=5a:3f:ca:a1:ab:9a type=IPv4 |<IP  version=4 ihl=5 tos=0x0 len=89 id=47845 flags=DF frag=0 ttl=255 proto=udp chksum=0xbafc src=192.168.100.13 dst=224.0.0.251 |<UDP  sport=5353 dport=5353 len=69 chksum=0xcaa2 |<DNS  id=17 qr=0 opcode=QUERY aa=0 tc=0 rd=0 ra=0 z=0 ad=0 cd=0 rcode=ok qdcount=2 ancount=0 nscount=0 arcount=0 qd=<DNSQR  qname='_CA5E8412._sub._googlecast._tcp.local.' qtype=PTR qclass=IN |<DNSQR  qname='_googlecast._tcp.local.' qtype=PTR qclass=IN |>> an=None ns=None ar=None |>>>>,5a:3f:ca:a1:ab:9a,b4:6b:fc:c7:e5:6b,Vendor Not Found,Intel Corporate,Unknown Protocol
59,192.168.100.8,224.0.0.22,2,54,"<Ether  dst=b4:6b:fc:c7:e5:6b src=7c:b2:7d:dc:77:e2 type=IPv4 |<IP  version=4 ihl=6 tos=0x0 len=40 id=23947 flags= frag=0 ttl=1 proto=2 chksum=0xc27d src=192.168.100.8 dst=224.0.0.22 options=[<IPOption_Router_Alert  copy_flag=1 optclass=control option=router_alert length=4 alert=router_shall_examine_packet |>] |<Raw  load='""\x00\\xfa\\x8c\x00\x00\x00\x01\x03\x00\x00\x00\\xe0\x00\x00q' |>>>",7c:b2:7d:dc:77:e2,b4:6b:fc:c7:e5:6b,Intel Corporate,Intel Corporate,Unknown Protocol
60,,,,90,"<Ether  dst=b4:6b:fc:c7:e5:6b src=7c:b2:7d:dc:77:e2 type=IPv6 |<IPv6  version=6 tc=0 fl=0 plen=36 nh=Hop-by-Hop Option Header hlim=1 src=fe80::c00a:24aa:7fee:cf2c dst=ff02::16 |<IPv6ExtHdrHopByHop  nh=ICMPv6 len=0 autopad=On options=[<RouterAlert  otype=Router Alert [00: skip, 0: Don't change en-route] optlen=2 value=Datagram contains a MLD message |>, <PadN  otype=PadN [00: skip, 0: Don't change en-route] optlen=0 |>] |<ICMPv6MLReport2  type=MLD Report Version 2 res=0 cksum=0x3c01 reserved=0 records_number=1 records=[<ICMPv6MLDMultAddrRec  rtype=3 auxdata_len=0 sources_number=0 dst=ff02::13a |>] |>>>>",7c:b2:7d:dc:77:e2,b4:6b:fc:c7:e5:6b,Intel Corporate,Intel Corporate,Unknown Protocol
61,192.168.100.8,224.0.0.22,2,54,"<Ether  dst=b4:6b:fc:c7:e5:6b src=7c:b2:7d:dc:77:e2 type=IPv4 |<IP  version=4 ihl=6 tos=0x0 len=40 id=23948 flags= frag=0 ttl=1 proto=2 chksum=0xc27c src=192.168.100.8 dst=224.0.0.22 options=[<IPOption_Router_Alert  copy_flag=1 optclass=control option=router_alert length=4 alert=router_shall_examine_packet |>] |<Raw  load='""\x00\\xf9\\x8c\x00\x00\x00\x01\x04\x00\x00\x00\\xe0\x00\x00q' |>>>",7c:b2:7d:dc:77:e2,b4:6b:fc:c7:e5:6b,Intel Corporate,Intel Corporate,Unknown Protocol
62,,,,90,"<Ether  dst=b4:6b:fc:c7:e5:6b src=7c:b2:7d:dc:77:e2 type=IPv6 |<IPv6  version=6 tc=0 fl=0 plen=36 nh=Hop-by-Hop Option Header hlim=1 src=fe80::c00a:24aa:7fee:cf2c dst=ff02::16 |<IPv6ExtHdrHopByHop  nh=ICMPv6 len=0 autopad=On options=[<RouterAlert  otype=Router Alert [00: skip, 0: Don't change en-route] optlen=2 value=Datagram contains a MLD message |>, <PadN  otype=PadN [00: skip, 0: Don't change en-route] optlen=0 |>] |<ICMPv6MLReport2  type=MLD Report Version 2 res=0 cksum=0x3b01 reserved=0 records_number=1 records=[<ICMPv6MLDMultAddrRec  rtype=4 auxdata_len=0 sources_number=0 dst=ff02::13a |>] |>>>>",7c:b2:7d:dc:77:e2,b4:6b:fc:c7:e5:6b,Intel Corporate,Intel Corporate,Unknown Protocol
63,192.168.100.8,224.0.0.22,2,54,"<Ether  dst=b4:6b:fc:c7:e5:6b src=7c:b2:7d:dc:77:e2 type=IPv4 |<IP  version=4 ihl=6 tos=0x0 len=40 id=23949 flags= frag=0 ttl=1 proto=2 chksum=0xc27b src=192.168.100.8 dst=224.0.0.22 options=[<IPOption_Router_Alert  copy_flag=1 optclass=control option=router_alert length=4 alert=router_shall_examine_packet |>] |<Raw  load='""\x00\\xf9\\x8c\x00\x00\x00\x01\x04\x00\x00\x00\\xe0\x00\x00q' |>>>",7c:b2:7d:dc:77:e2,b4:6b:fc:c7:e5:6b,Intel Corporate,Intel Corporate,Unknown Protocol
64,,,,90,"<Ether  dst=b4:6b:fc:c7:e5:6b src=7c:b2:7d:dc:77:e2 type=IPv6 |<IPv6  version=6 tc=0 fl=0 plen=36 nh=Hop-by-Hop Option Header hlim=1 src=fe80::c00a:24aa:7fee:cf2c dst=ff02::16 |<IPv6ExtHdrHopByHop  nh=ICMPv6 len=0 autopad=On options=[<RouterAlert  otype=Router Alert [00: skip, 0: Don't change en-route] optlen=2 value=Datagram contains a MLD message |>, <PadN  otype=PadN [00: skip, 0: Don't change en-route] optlen=0 |>] |<ICMPv6MLReport2  type=MLD Report Version 2 res=0 cksum=0x3b01 reserved=0 records_number=1 records=[<ICMPv6MLDMultAddrRec  rtype=4 auxdata_len=0 sources_number=0 dst=ff02::13a |>] |>>>>",7c:b2:7d:dc:77:e2,b4:6b:fc:c7:e5:6b,Intel Corporate,Intel Corporate,Unknown Protocol
65,192.168.100.13,239.255.255.250,17,167,"<Ether  dst=b4:6b:fc:c7:e5:6b src=5a:3f:ca:a1:ab:9a type=IPv4 |<IP  version=4 ihl=5 tos=0x0 len=153 id=62848 flags=DF frag=0 ttl=1 proto=udp chksum=0x6f23 src=192.168.100.13 dst=239.255.255.250 |<UDP  sport=36061 dport=ssdp len=133 chksum=0xdea9 |<Raw  load='M-SEARCH * HTTP/1.1\r\nHOST: 239.255.255.250:1900\r\nMAN: ""ssdp:discover""\r\nST: urn:dial-multiscreen-org:service:dial:1\r\nMX: 2\r\n\r\n' |>>>>",5a:3f:ca:a1:ab:9a,b4:6b:fc:c7:e5:6b,Vendor Not Found,Intel Corporate,Unknown Protocol
66,192.168.100.13,239.255.255.250,17,164,"<Ether  dst=b4:6b:fc:c7:e5:6b src=5a:3f:ca:a1:ab:9a type=IPv4 |<IP  version=4 ihl=5 tos=0x0 len=150 id=62849 flags=DF frag=0 ttl=1 proto=udp chksum=0x6f25 src=192.168.100.13 dst=239.255.255.250 |<UDP  sport=42513 dport=ssdp len=130 chksum=0x5808 |<Raw  load='M-SEARCH * HTTP/1.1\r\nHOST: 239.255.255.250:1900\r\nMAN: ""ssdp:discover""\r\nST: urn:mdx-netflix-com:service:target:1\r\nMX: 2\r\n\r\n' |>>>>",5a:3f:ca:a1:ab:9a,b4:6b:fc:c7:e5:6b,Vendor Not Found,Intel Corporate,Unknown Protocol
67,192.168.100.19,20.198.119.84,6,98,"<Ether  dst=04:b0:e7:65:21:ef src=b4:6b:fc:c7:e5:6b type=IPv4 |<IP  version=4 ihl=5 tos=0x0 len=84 id=15339 flags=DF frag=0 ttl=128 proto=tcp chksum=0xde3 src=192.168.100.19 dst=20.198.119.84 |<TCP  sport=51727 dport=https seq=2914063974 ack=358297125 dataofs=5 reserved=0 flags=PA window=257 chksum=0x67d8 urgptr=0 |<Raw  load=""\x17\x03\x03\x00'\x00\x00\x00\x00\x00\x00\x00d-F\x1dzL\u05fc'\\xb5\\xc0N\x164\\x8aJ\\xfe=\x04O\\xaf\\x91\\xb6\\xb7\u03a2<[\\x91[\\xf7\\x84"" |>>>>",b4:6b:fc:c7:e5:6b,04:b0:e7:65:21:ef,Intel Corporate,"HUAWEI TECHNOLOGIES CO.,LTD",Unknown Protocol
68,20.198.119.84,192.168.100.19,6,229,"<Ether  dst=b4:6b:fc:c7:e5:6b src=04:b0:e7:65:21:ef type=IPv4 |<IP  version=4 ihl=5 tos=0x0 len=215 id=20243 flags= frag=0 ttl=111 proto=tcp chksum=0x4b38 src=20.198.119.84 dst=192.168.100.19 |<TCP  sport=https dport=51727 seq=358297125 ack=2914064018 dataofs=5 reserved=0 flags=PA window=7889 chksum=0x717 urgptr=0 |<Raw  load='\x17\x03\x03\x00\\xaa\x00\x00\x00\x00\x00\x00\x00et\\xc0YN\\xb7C%\\xe4wI\\x9e\\xc2ƕ2\\xed\\xf1\\x9c\\xdap<\\xe0\\xb98\\xef\\xf4\x12\x11g_\\xce\x002""\\xd2ǩ\x0cL\\x94$\U00031857|\\xb5<\\xd465\\x8bk`\\xf9\\x86֧\\x88""\\x8e\x08\\xb8\\xf3\\xb6\x08\\x90\\xa9%\x0f\\x8d\x19gOp\\xf9\\xc6\\xf6\\x97\\x9c\\xc5p\\xae[w\\x9d\r\r\\x9cS\\xb2\\xa0ĿTt\\xf7\\x96E\U000c342a\\x9f$\\x85\\x9e\\xfd\\xfbu\x1e\\xa2\\xe7\\xf1\x19Ǯ\\xb5>\\x83\\xf6m\\xd6\x02\x15\\xb3Hع\x01\\\\x8b<\\xc4\x08\\xc1NX\\xe9\\xfen\\xe6\\x9f\\xdbɫR\\x80\\x83\\x8b\\xe7\x1b\\x9e\\x88Ti\\xb5B(^\\xf9\x16' |>>>>",04:b0:e7:65:21:ef,b4:6b:fc:c7:e5:6b,"HUAWEI TECHNOLOGIES CO.,LTD",Intel Corporate,Unknown Protocol
69,192.168.100.19,20.198.119.84,6,54,<Ether  dst=04:b0:e7:65:21:ef src=b4:6b:fc:c7:e5:6b type=IPv4 |<IP  version=4 ihl=5 tos=0x0 len=40 id=15340 flags=DF frag=0 ttl=128 proto=tcp chksum=0xe0e src=192.168.100.19 dst=20.198.119.84 |<TCP  sport=51727 dport=https seq=2914064018 ack=358297300 dataofs=5 reserved=0 flags=A window=256 chksum=0x29c1 urgptr=0 |>>>,b4:6b:fc:c7:e5:6b,04:b0:e7:65:21:ef,Intel Corporate,"HUAWEI TECHNOLOGIES CO.,LTD",Unknown Protocol
70,192.168.100.13,239.255.255.250,17,164,"<Ether  dst=b4:6b:fc:c7:e5:6b src=5a:3f:ca:a1:ab:9a type=IPv4 |<IP  version=4 ihl=5 tos=0x0 len=150 id=63308 flags=DF frag=0 ttl=1 proto=udp chksum=0x6d5a src=192.168.100.13 dst=239.255.255.250 |<UDP  sport=52999 dport=ssdp len=130 chksum=0x2f12 |<Raw  load='M-SEARCH * HTTP/1.1\r\nHOST: 239.255.255.250:1900\r\nMAN: ""ssdp:discover""\r\nST: urn:mdx-netflix-com:service:target:1\r\nMX: 2\r\n\r\n' |>>>>",5a:3f:ca:a1:ab:9a,b4:6b:fc:c7:e5:6b,Vendor Not Found,Intel Corporate,Unknown Protocol
71,192.168.100.13,239.255.255.250,17,167,"<Ether  dst=b4:6b:fc:c7:e5:6b src=5a:3f:ca:a1:ab:9a type=IPv4 |<IP  version=4 ihl=5 tos=0x0 len=153 id=63749 flags=DF frag=0 ttl=1 proto=udp chksum=0x6b9e src=192.168.100.13 dst=239.255.255.250 |<UDP  sport=42150 dport=ssdp len=133 chksum=0xc6e0 |<Raw  load='M-SEARCH * HTTP/1.1\r\nHOST: 239.255.255.250:1900\r\nMAN: ""ssdp:discover""\r\nST: urn:dial-multiscreen-org:service:dial:1\r\nMX: 2\r\n\r\n' |>>>>",5a:3f:ca:a1:ab:9a,b4:6b:fc:c7:e5:6b,Vendor Not Found,Intel Corporate,Unknown Protocol
72,192.168.100.8,239.255.255.250,17,217,"<Ether  dst=b4:6b:fc:c7:e5:6b src=7c:b2:7d:dc:77:e2 type=IPv4 |<IP  version=4 ihl=5 tos=0x0 len=203 id=54764 flags= frag=0 ttl=1 proto=udp chksum=0xce8a src=192.168.100.8 dst=239.255.255.250 |<UDP  sport=56327 dport=ssdp len=183 chksum=0x81bc |<Raw  load='M-SEARCH * HTTP/1.1\r\nHOST: 239.255.255.250:1900\r\nMAN: ""ssdp:discover""\r\nMX: 1\r\nST: urn:dial-multiscreen-org:service:dial:1\r\nUSER-AGENT: Microsoft Edge/124.0.2478.67 Windows\r\n\r\n' |>>>>",7c:b2:7d:dc:77:e2,b4:6b:fc:c7:e5:6b,Intel Corporate,Intel Corporate,Unknown Protocol
73,192.168.100.8,239.255.255.250,17,216,"<Ether  dst=b4:6b:fc:c7:e5:6b src=7c:b2:7d:dc:77:e2 type=IPv4 |<IP  version=4 ihl=5 tos=0x0 len=202 id=54765 flags= frag=0 ttl=1 proto=udp chksum=0xce8a src=192.168.100.8 dst=239.255.255.250 |<UDP  sport=56328 dport=ssdp len=182 chksum=0x1af |<Raw  load='M-SEARCH * HTTP/1.1\r\nHOST: 239.255.255.250:1900\r\nMAN: ""ssdp:discover""\r\nMX: 1\r\nST: urn:dial-multiscreen-org:service:dial:1\r\nUSER-AGENT: Google Chrome/124.0.6367.92 Windows\r\n\r\n' |>>>>",7c:b2:7d:dc:77:e2,b4:6b:fc:c7:e5:6b,Intel Corporate,Intel Corporate,Unknown Protocol
74,192.168.100.8,239.255.255.250,17,217,"<Ether  dst=b4:6b:fc:c7:e5:6b src=7c:b2:7d:dc:77:e2 type=IPv4 |<IP  version=4 ihl=5 tos=0x0 len=203 id=54766 flags= frag=0 ttl=1 proto=udp chksum=0xce88 src=192.168.100.8 dst=239.255.255.250 |<UDP  sport=56327 dport=ssdp len=183 chksum=0x81bc |<Raw  load='M-SEARCH * HTTP/1.1\r\nHOST: 239.255.255.250:1900\r\nMAN: ""ssdp:discover""\r\nMX: 1\r\nST: urn:dial-multiscreen-org:service:dial:1\r\nUSER-AGENT: Microsoft Edge/124.0.2478.67 Windows\r\n\r\n' |>>>>",7c:b2:7d:dc:77:e2,b4:6b:fc:c7:e5:6b,Intel Corporate,Intel Corporate,Unknown Protocol
75,192.168.100.8,239.255.255.250,17,216,"<Ether  dst=b4:6b:fc:c7:e5:6b src=7c:b2:7d:dc:77:e2 type=IPv4 |<IP  version=4 ihl=5 tos=0x0 len=202 id=54767 flags= frag=0 ttl=1 proto=udp chksum=0xce88 src=192.168.100.8 dst=239.255.255.250 |<UDP  sport=56328 dport=ssdp len=182 chksum=0x1af |<Raw  load='M-SEARCH * HTTP/1.1\r\nHOST: 239.255.255.250:1900\r\nMAN: ""ssdp:discover""\r\nMX: 1\r\nST: urn:dial-multiscreen-org:service:dial:1\r\nUSER-AGENT: Google Chrome/124.0.6367.92 Windows\r\n\r\n' |>>>>",7c:b2:7d:dc:77:e2,b4:6b:fc:c7:e5:6b,Intel Corporate,Intel Corporate,Unknown Protocol
76,192.168.100.8,224.0.0.22,2,54,"<Ether  dst=b4:6b:fc:c7:e5:6b src=7c:b2:7d:dc:77:e2 type=IPv4 |<IP  version=4 ihl=6 tos=0x0 len=40 id=23950 flags= frag=0 ttl=1 proto=2 chksum=0xc27a src=192.168.100.8 dst=224.0.0.22 options=[<IPOption_Router_Alert  copy_flag=1 optclass=control option=router_alert length=4 alert=router_shall_examine_packet |>] |<Raw  load='""\x00\\xfa\\x8c\x00\x00\x00\x01\x03\x00\x00\x00\\xe0\x00\x00q' |>>>",7c:b2:7d:dc:77:e2,b4:6b:fc:c7:e5:6b,Intel Corporate,Intel Corporate,Unknown Protocol
77,,,,90,"<Ether  dst=b4:6b:fc:c7:e5:6b src=7c:b2:7d:dc:77:e2 type=IPv6 |<IPv6  version=6 tc=0 fl=0 plen=36 nh=Hop-by-Hop Option Header hlim=1 src=fe80::c00a:24aa:7fee:cf2c dst=ff02::16 |<IPv6ExtHdrHopByHop  nh=ICMPv6 len=0 autopad=On options=[<RouterAlert  otype=Router Alert [00: skip, 0: Don't change en-route] optlen=2 value=Datagram contains a MLD message |>, <PadN  otype=PadN [00: skip, 0: Don't change en-route] optlen=0 |>] |<ICMPv6MLReport2  type=MLD Report Version 2 res=0 cksum=0x3c01 reserved=0 records_number=1 records=[<ICMPv6MLDMultAddrRec  rtype=3 auxdata_len=0 sources_number=0 dst=ff02::13a |>] |>>>>",7c:b2:7d:dc:77:e2,b4:6b:fc:c7:e5:6b,Intel Corporate,Intel Corporate,Unknown Protocol
78,192.168.100.8,224.0.0.22,2,54,"<Ether  dst=b4:6b:fc:c7:e5:6b src=7c:b2:7d:dc:77:e2 type=IPv4 |<IP  version=4 ihl=6 tos=0x0 len=40 id=23951 flags= frag=0 ttl=1 proto=2 chksum=0xc279 src=192.168.100.8 dst=224.0.0.22 options=[<IPOption_Router_Alert  copy_flag=1 optclass=control option=router_alert length=4 alert=router_shall_examine_packet |>] |<Raw  load='""\x00\\xf9\\x8c\x00\x00\x00\x01\x04\x00\x00\x00\\xe0\x00\x00q' |>>>",7c:b2:7d:dc:77:e2,b4:6b:fc:c7:e5:6b,Intel Corporate,Intel Corporate,Unknown Protocol
79,,,,90,"<Ether  dst=b4:6b:fc:c7:e5:6b src=7c:b2:7d:dc:77:e2 type=IPv6 |<IPv6  version=6 tc=0 fl=0 plen=36 nh=Hop-by-Hop Option Header hlim=1 src=fe80::c00a:24aa:7fee:cf2c dst=ff02::16 |<IPv6ExtHdrHopByHop  nh=ICMPv6 len=0 autopad=On options=[<RouterAlert  otype=Router Alert [00: skip, 0: Don't change en-route] optlen=2 value=Datagram contains a MLD message |>, <PadN  otype=PadN [00: skip, 0: Don't change en-route] optlen=0 |>] |<ICMPv6MLReport2  type=MLD Report Version 2 res=0 cksum=0x3b01 reserved=0 records_number=1 records=[<ICMPv6MLDMultAddrRec  rtype=4 auxdata_len=0 sources_number=0 dst=ff02::13a |>] |>>>>",7c:b2:7d:dc:77:e2,b4:6b:fc:c7:e5:6b,Intel Corporate,Intel Corporate,Unknown Protocol
80,192.168.100.8,224.0.0.22,2,54,"<Ether  dst=b4:6b:fc:c7:e5:6b src=7c:b2:7d:dc:77:e2 type=IPv4 |<IP  version=4 ihl=6 tos=0x0 len=40 id=23952 flags= frag=0 ttl=1 proto=2 chksum=0xc278 src=192.168.100.8 dst=224.0.0.22 options=[<IPOption_Router_Alert  copy_flag=1 optclass=control option=router_alert length=4 alert=router_shall_examine_packet |>] |<Raw  load='""\x00\\xfa\\x8c\x00\x00\x00\x01\x03\x00\x00\x00\\xe0\x00\x00q' |>>>",7c:b2:7d:dc:77:e2,b4:6b:fc:c7:e5:6b,Intel Corporate,Intel Corporate,Unknown Protocol
81,,,,90,"<Ether  dst=b4:6b:fc:c7:e5:6b src=7c:b2:7d:dc:77:e2 type=IPv6 |<IPv6  version=6 tc=0 fl=0 plen=36 nh=Hop-by-Hop Option Header hlim=1 src=fe80::c00a:24aa:7fee:cf2c dst=ff02::16 |<IPv6ExtHdrHopByHop  nh=ICMPv6 len=0 autopad=On options=[<RouterAlert  otype=Router Alert [00: skip, 0: Don't change en-route] optlen=2 value=Datagram contains a MLD message |>, <PadN  otype=PadN [00: skip, 0: Don't change en-route] optlen=0 |>] |<ICMPv6MLReport2  type=MLD Report Version 2 res=0 cksum=0x3c01 reserved=0 records_number=1 records=[<ICMPv6MLDMultAddrRec  rtype=3 auxdata_len=0 sources_number=0 dst=ff02::13a |>] |>>>>",7c:b2:7d:dc:77:e2,b4:6b:fc:c7:e5:6b,Intel Corporate,Intel Corporate,Unknown Protocol
82,192.168.100.8,224.0.0.22,2,54,"<Ether  dst=b4:6b:fc:c7:e5:6b src=7c:b2:7d:dc:77:e2 type=IPv4 |<IP  version=4 ihl=6 tos=0x0 len=40 id=23953 flags= frag=0 ttl=1 proto=2 chksum=0xc277 src=192.168.100.8 dst=224.0.0.22 options=[<IPOption_Router_Alert  copy_flag=1 optclass=control option=router_alert length=4 alert=router_shall_examine_packet |>] |<Raw  load='""\x00\\xf9\\x8c\x00\x00\x00\x01\x04\x00\x00\x00\\xe0\x00\x00q' |>>>",7c:b2:7d:dc:77:e2,b4:6b:fc:c7:e5:6b,Intel Corporate,Intel Corporate,Unknown Protocol
83,,,,90,"<Ether  dst=b4:6b:fc:c7:e5:6b src=7c:b2:7d:dc:77:e2 type=IPv6 |<IPv6  version=6 tc=0 fl=0 plen=36 nh=Hop-by-Hop Option Header hlim=1 src=fe80::c00a:24aa:7fee:cf2c dst=ff02::16 |<IPv6ExtHdrHopByHop  nh=ICMPv6 len=0 autopad=On options=[<RouterAlert  otype=Router Alert [00: skip, 0: Don't change en-route] optlen=2 value=Datagram contains a MLD message |>, <PadN  otype=PadN [00: skip, 0: Don't change en-route] optlen=0 |>] |<ICMPv6MLReport2  type=MLD Report Version 2 res=0 cksum=0x3b01 reserved=0 records_number=1 records=[<ICMPv6MLDMultAddrRec  rtype=4 auxdata_len=0 sources_number=0 dst=ff02::13a |>] |>>>>",7c:b2:7d:dc:77:e2,b4:6b:fc:c7:e5:6b,Intel Corporate,Intel Corporate,Unknown Protocol
84,192.168.100.8,224.0.0.22,2,54,"<Ether  dst=b4:6b:fc:c7:e5:6b src=7c:b2:7d:dc:77:e2 type=IPv4 |<IP  version=4 ihl=6 tos=0x0 len=40 id=23954 flags= frag=0 ttl=1 proto=2 chksum=0xc276 src=192.168.100.8 dst=224.0.0.22 options=[<IPOption_Router_Alert  copy_flag=1 optclass=control option=router_alert length=4 alert=router_shall_examine_packet |>] |<Raw  load='""\x00\\xf9\\x8c\x00\x00\x00\x01\x04\x00\x00\x00\\xe0\x00\x00q' |>>>",7c:b2:7d:dc:77:e2,b4:6b:fc:c7:e5:6b,Intel Corporate,Intel Corporate,Unknown Protocol
85,,,,90,"<Ether  dst=b4:6b:fc:c7:e5:6b src=7c:b2:7d:dc:77:e2 type=IPv6 |<IPv6  version=6 tc=0 fl=0 plen=36 nh=Hop-by-Hop Option Header hlim=1 src=fe80::c00a:24aa:7fee:cf2c dst=ff02::16 |<IPv6ExtHdrHopByHop  nh=ICMPv6 len=0 autopad=On options=[<RouterAlert  otype=Router Alert [00: skip, 0: Don't change en-route] optlen=2 value=Datagram contains a MLD message |>, <PadN  otype=PadN [00: skip, 0: Don't change en-route] optlen=0 |>] |<ICMPv6MLReport2  type=MLD Report Version 2 res=0 cksum=0x3b01 reserved=0 records_number=1 records=[<ICMPv6MLDMultAddrRec  rtype=4 auxdata_len=0 sources_number=0 dst=ff02::13a |>] |>>>>",7c:b2:7d:dc:77:e2,b4:6b:fc:c7:e5:6b,Intel Corporate,Intel Corporate,Unknown Protocol
86,192.168.100.8,239.255.255.250,17,217,"<Ether  dst=b4:6b:fc:c7:e5:6b src=7c:b2:7d:dc:77:e2 type=IPv4 |<IP  version=4 ihl=5 tos=0x0 len=203 id=54769 flags= frag=0 ttl=1 proto=udp chksum=0xce85 src=192.168.100.8 dst=239.255.255.250 |<UDP  sport=56327 dport=ssdp len=183 chksum=0x81bc |<Raw  load='M-SEARCH * HTTP/1.1\r\nHOST: 239.255.255.250:1900\r\nMAN: ""ssdp:discover""\r\nMX: 1\r\nST: urn:dial-multiscreen-org:service:dial:1\r\nUSER-AGENT: Microsoft Edge/124.0.2478.67 Windows\r\n\r\n' |>>>>",7c:b2:7d:dc:77:e2,b4:6b:fc:c7:e5:6b,Intel Corporate,Intel Corporate,Unknown Protocol
87,192.168.100.8,239.255.255.250,17,216,"<Ether  dst=b4:6b:fc:c7:e5:6b src=7c:b2:7d:dc:77:e2 type=IPv4 |<IP  version=4 ihl=5 tos=0x0 len=202 id=54768 flags= frag=0 ttl=1 proto=udp chksum=0xce87 src=192.168.100.8 dst=239.255.255.250 |<UDP  sport=56328 dport=ssdp len=182 chksum=0x1af |<Raw  load='M-SEARCH * HTTP/1.1\r\nHOST: 239.255.255.250:1900\r\nMAN: ""ssdp:discover""\r\nMX: 1\r\nST: urn:dial-multiscreen-org:service:dial:1\r\nUSER-AGENT: Google Chrome/124.0.6367.92 Windows\r\n\r\n' |>>>>",7c:b2:7d:dc:77:e2,b4:6b:fc:c7:e5:6b,Intel Corporate,Intel Corporate,Unknown Protocol
88,192.168.100.18,192.168.100.255,17,92,<Ether  dst=ff:ff:ff:ff:ff:ff src=c4:d9:87:04:a2:c7 type=IPv4 |<IP  version=4 ihl=5 tos=0x0 len=78 id=7265 flags= frag=0 ttl=128 proto=udp chksum=0xd3db src=192.168.100.18 dst=192.168.100.255 |<UDP  sport=netbios_ns dport=netbios_ns len=58 chksum=0xa95f |<NBNSHeader  NAME_TRN_ID=46132 RESPONSE=0 OPCODE=0 NM_FLAGS=B+RD RCODE=0 QDCOUNT=1 ANCOUNT=0 NSCOUNT=0 ARCOUNT=0 |<NBNSQueryRequest  QUESTION_NAME='AWAIS          ' SUFFIX=domain controller NULL=0 QUESTION_TYPE=NB QUESTION_CLASS=INTERNET |>>>>>,c4:d9:87:04:a2:c7,ff:ff:ff:ff:ff:ff,Intel Corporate,Vendor Not Found,Unknown Protocol
89,192.168.100.18,192.168.100.255,17,92,<Ether  dst=ff:ff:ff:ff:ff:ff src=c4:d9:87:04:a2:c7 type=IPv4 |<IP  version=4 ihl=5 tos=0x0 len=78 id=7266 flags= frag=0 ttl=128 proto=udp chksum=0xd3da src=192.168.100.18 dst=192.168.100.255 |<UDP  sport=netbios_ns dport=netbios_ns len=58 chksum=0xa95f |<NBNSHeader  NAME_TRN_ID=46132 RESPONSE=0 OPCODE=0 NM_FLAGS=B+RD RCODE=0 QDCOUNT=1 ANCOUNT=0 NSCOUNT=0 ARCOUNT=0 |<NBNSQueryRequest  QUESTION_NAME='AWAIS          ' SUFFIX=domain controller NULL=0 QUESTION_TYPE=NB QUESTION_CLASS=INTERNET |>>>>>,c4:d9:87:04:a2:c7,ff:ff:ff:ff:ff:ff,Intel Corporate,Vendor Not Found,Unknown Protocol
90,192.168.100.8,239.255.255.250,17,216,"<Ether  dst=b4:6b:fc:c7:e5:6b src=7c:b2:7d:dc:77:e2 type=IPv4 |<IP  version=4 ihl=5 tos=0x0 len=202 id=54770 flags= frag=0 ttl=1 proto=udp chksum=0xce85 src=192.168.100.8 dst=239.255.255.250 |<UDP  sport=56328 dport=ssdp len=182 chksum=0x1af |<Raw  load='M-SEARCH * HTTP/1.1\r\nHOST: 239.255.255.250:1900\r\nMAN: ""ssdp:discover""\r\nMX: 1\r\nST: urn:dial-multiscreen-org:service:dial:1\r\nUSER-AGENT: Google Chrome/124.0.6367.92 Windows\r\n\r\n' |>>>>",7c:b2:7d:dc:77:e2,b4:6b:fc:c7:e5:6b,Intel Corporate,Intel Corporate,Unknown Protocol
91,192.168.100.8,239.255.255.250,17,217,"<Ether  dst=b4:6b:fc:c7:e5:6b src=7c:b2:7d:dc:77:e2 type=IPv4 |<IP  version=4 ihl=5 tos=0x0 len=203 id=54771 flags= frag=0 ttl=1 proto=udp chksum=0xce83 src=192.168.100.8 dst=239.255.255.250 |<UDP  sport=56327 dport=ssdp len=183 chksum=0x81bc |<Raw  load='M-SEARCH * HTTP/1.1\r\nHOST: 239.255.255.250:1900\r\nMAN: ""ssdp:discover""\r\nMX: 1\r\nST: urn:dial-multiscreen-org:service:dial:1\r\nUSER-AGENT: Microsoft Edge/124.0.2478.67 Windows\r\n\r\n' |>>>>",7c:b2:7d:dc:77:e2,b4:6b:fc:c7:e5:6b,Intel Corporate,Intel Corporate,Unknown Protocol
92,192.168.100.18,192.168.100.255,17,92,<Ether  dst=ff:ff:ff:ff:ff:ff src=c4:d9:87:04:a2:c7 type=IPv4 |<IP  version=4 ihl=5 tos=0x0 len=78 id=7267 flags= frag=0 ttl=128 proto=udp chksum=0xd3d9 src=192.168.100.18 dst=192.168.100.255 |<UDP  sport=netbios_ns dport=netbios_ns len=58 chksum=0xa95f |<NBNSHeader  NAME_TRN_ID=46132 RESPONSE=0 OPCODE=0 NM_FLAGS=B+RD RCODE=0 QDCOUNT=1 ANCOUNT=0 NSCOUNT=0 ARCOUNT=0 |<NBNSQueryRequest  QUESTION_NAME='AWAIS          ' SUFFIX=domain controller NULL=0 QUESTION_TYPE=NB QUESTION_CLASS=INTERNET |>>>>>,c4:d9:87:04:a2:c7,ff:ff:ff:ff:ff:ff,Intel Corporate,Vendor Not Found,Unknown Protocol
93,,,,188,"<Ether  dst=b4:6b:fc:c7:e5:6b src=04:b0:e7:65:21:ef type=IPv6 |<IPv6  version=6 tc=0 fl=0 plen=134 nh=UDP hlim=1 src=fe80::1 dst=ff05::c |<UDP  sport=58991 dport=ssdp len=134 chksum=0xd418 |<Raw  load='M-SEARCH * HTTP/1.1\r\nHOST: [FF05::C]:1900\r\nMAN: ""ssdp:discover""\r\nMX: 5\r\nST: urn:schemas-upnp-org:device:ManageableDevice:1\r\n\r\n' |>>>>",04:b0:e7:65:21:ef,b4:6b:fc:c7:e5:6b,"HUAWEI TECHNOLOGIES CO.,LTD",Intel Corporate,Unknown Protocol
94,192.168.100.8,224.0.0.22,2,54,"<Ether  dst=b4:6b:fc:c7:e5:6b src=7c:b2:7d:dc:77:e2 type=IPv4 |<IP  version=4 ihl=6 tos=0x0 len=40 id=23955 flags= frag=0 ttl=1 proto=2 chksum=0xc275 src=192.168.100.8 dst=224.0.0.22 options=[<IPOption_Router_Alert  copy_flag=1 optclass=control option=router_alert length=4 alert=router_shall_examine_packet |>] |<Raw  load='""\x00\\xfa\\x8c\x00\x00\x00\x01\x03\x00\x00\x00\\xe0\x00\x00q' |>>>",7c:b2:7d:dc:77:e2,b4:6b:fc:c7:e5:6b,Intel Corporate,Intel Corporate,Unknown Protocol
95,,,,90,"<Ether  dst=b4:6b:fc:c7:e5:6b src=7c:b2:7d:dc:77:e2 type=IPv6 |<IPv6  version=6 tc=0 fl=0 plen=36 nh=Hop-by-Hop Option Header hlim=1 src=fe80::c00a:24aa:7fee:cf2c dst=ff02::16 |<IPv6ExtHdrHopByHop  nh=ICMPv6 len=0 autopad=On options=[<RouterAlert  otype=Router Alert [00: skip, 0: Don't change en-route] optlen=2 value=Datagram contains a MLD message |>, <PadN  otype=PadN [00: skip, 0: Don't change en-route] optlen=0 |>] |<ICMPv6MLReport2  type=MLD Report Version 2 res=0 cksum=0x3c01 reserved=0 records_number=1 records=[<ICMPv6MLDMultAddrRec  rtype=3 auxdata_len=0 sources_number=0 dst=ff02::13a |>] |>>>>",7c:b2:7d:dc:77:e2,b4:6b:fc:c7:e5:6b,Intel Corporate,Intel Corporate,Unknown Protocol
96,192.168.100.8,224.0.0.22,2,54,"<Ether  dst=b4:6b:fc:c7:e5:6b src=7c:b2:7d:dc:77:e2 type=IPv4 |<IP  version=4 ihl=6 tos=0x0 len=40 id=23956 flags= frag=0 ttl=1 proto=2 chksum=0xc274 src=192.168.100.8 dst=224.0.0.22 options=[<IPOption_Router_Alert  copy_flag=1 optclass=control option=router_alert length=4 alert=router_shall_examine_packet |>] |<Raw  load='""\x00\\xf9\\x8c\x00\x00\x00\x01\x04\x00\x00\x00\\xe0\x00\x00q' |>>>",7c:b2:7d:dc:77:e2,b4:6b:fc:c7:e5:6b,Intel Corporate,Intel Corporate,Unknown Protocol
97,,,,90,"<Ether  dst=b4:6b:fc:c7:e5:6b src=7c:b2:7d:dc:77:e2 type=IPv6 |<IPv6  version=6 tc=0 fl=0 plen=36 nh=Hop-by-Hop Option Header hlim=1 src=fe80::c00a:24aa:7fee:cf2c dst=ff02::16 |<IPv6ExtHdrHopByHop  nh=ICMPv6 len=0 autopad=On options=[<RouterAlert  otype=Router Alert [00: skip, 0: Don't change en-route] optlen=2 value=Datagram contains a MLD message |>, <PadN  otype=PadN [00: skip, 0: Don't change en-route] optlen=0 |>] |<ICMPv6MLReport2  type=MLD Report Version 2 res=0 cksum=0x3b01 reserved=0 records_number=1 records=[<ICMPv6MLDMultAddrRec  rtype=4 auxdata_len=0 sources_number=0 dst=ff02::13a |>] |>>>>",7c:b2:7d:dc:77:e2,b4:6b:fc:c7:e5:6b,Intel Corporate,Intel Corporate,Unknown Protocol
98,192.168.100.8,224.0.0.22,2,54,"<Ether  dst=b4:6b:fc:c7:e5:6b src=7c:b2:7d:dc:77:e2 type=IPv4 |<IP  version=4 ihl=6 tos=0x0 len=40 id=23957 flags= frag=0 ttl=1 proto=2 chksum=0xc273 src=192.168.100.8 dst=224.0.0.22 options=[<IPOption_Router_Alert  copy_flag=1 optclass=control option=router_alert length=4 alert=router_shall_examine_packet |>] |<Raw  load='""\x00\\xfa\\x8c\x00\x00\x00\x01\x03\x00\x00\x00\\xe0\x00\x00q' |>>>",7c:b2:7d:dc:77:e2,b4:6b:fc:c7:e5:6b,Intel Corporate,Intel Corporate,Unknown Protocol
99,,,,90,"<Ether  dst=b4:6b:fc:c7:e5:6b src=7c:b2:7d:dc:77:e2 type=IPv6 |<IPv6  version=6 tc=0 fl=0 plen=36 nh=Hop-by-Hop Option Header hlim=1 src=fe80::c00a:24aa:7fee:cf2c dst=ff02::16 |<IPv6ExtHdrHopByHop  nh=ICMPv6 len=0 autopad=On options=[<RouterAlert  otype=Router Alert [00: skip, 0: Don't change en-route] optlen=2 value=Datagram contains a MLD message |>, <PadN  otype=PadN [00: skip, 0: Don't change en-route] optlen=0 |>] |<ICMPv6MLReport2  type=MLD Report Version 2 res=0 cksum=0x3c01 reserved=0 records_number=1 records=[<ICMPv6MLDMultAddrRec  rtype=3 auxdata_len=0 sources_number=0 dst=ff02::13a |>] |>>>>",7c:b2:7d:dc:77:e2,b4:6b:fc:c7:e5:6b,Intel Corporate,Intel Corporate,Unknown Protocol
100,192.168.100.8,224.0.0.22,2,54,"<Ether  dst=b4:6b:fc:c7:e5:6b src=7c:b2:7d:dc:77:e2 type=IPv4 |<IP  version=4 ihl=6 tos=0x0 len=40 id=23958 flags= frag=0 ttl=1 proto=2 chksum=0xc272 src=192.168.100.8 dst=224.0.0.22 options=[<IPOption_Router_Alert  copy_flag=1 optclass=control option=router_alert length=4 alert=router_shall_examine_packet |>] |<Raw  load='""\x00\\xf9\\x8c\x00\x00\x00\x01\x04\x00\x00\x00\\xe0\x00\x00q' |>>>",7c:b2:7d:dc:77:e2,b4:6b:fc:c7:e5:6b,Intel Corporate,Intel Corporate,Unknown Protocol
101,,,,90,"<Ether  dst=b4:6b:fc:c7:e5:6b src=7c:b2:7d:dc:77:e2 type=IPv6 |<IPv6  version=6 tc=0 fl=0 plen=36 nh=Hop-by-Hop Option Header hlim=1 src=fe80::c00a:24aa:7fee:cf2c dst=ff02::16 |<IPv6ExtHdrHopByHop  nh=ICMPv6 len=0 autopad=On options=[<RouterAlert  otype=Router Alert [00: skip, 0: Don't change en-route] optlen=2 value=Datagram contains a MLD message |>, <PadN  otype=PadN [00: skip, 0: Don't change en-route] optlen=0 |>] |<ICMPv6MLReport2  type=MLD Report Version 2 res=0 cksum=0x3b01 reserved=0 records_number=1 records=[<ICMPv6MLDMultAddrRec  rtype=4 auxdata_len=0 sources_number=0 dst=ff02::13a |>] |>>>>",7c:b2:7d:dc:77:e2,b4:6b:fc:c7:e5:6b,Intel Corporate,Intel Corporate,Unknown Protocol
102,,,,188,"<Ether  dst=b4:6b:fc:c7:e5:6b src=04:b0:e7:65:21:ef type=IPv6 |<IPv6  version=6 tc=0 fl=0 plen=134 nh=UDP hlim=1 src=fe80::1 dst=ff05::c |<UDP  sport=58991 dport=ssdp len=134 chksum=0xd418 |<Raw  load='M-SEARCH * HTTP/1.1\r\nHOST: [FF05::C]:1900\r\nMAN: ""ssdp:discover""\r\nMX: 5\r\nST: urn:schemas-upnp-org:device:ManageableDevice:1\r\n\r\n' |>>>>",04:b0:e7:65:21:ef,b4:6b:fc:c7:e5:6b,"HUAWEI TECHNOLOGIES CO.,LTD",Intel Corporate,Unknown Protocol
103,192.168.100.8,224.0.0.22,2,54,"<Ether  dst=b4:6b:fc:c7:e5:6b src=7c:b2:7d:dc:77:e2 type=IPv4 |<IP  version=4 ihl=6 tos=0x0 len=40 id=23959 flags= frag=0 ttl=1 proto=2 chksum=0xc271 src=192.168.100.8 dst=224.0.0.22 options=[<IPOption_Router_Alert  copy_flag=1 optclass=control option=router_alert length=4 alert=router_shall_examine_packet |>] |<Raw  load='""\x00\\xf9\\x8c\x00\x00\x00\x01\x04\x00\x00\x00\\xe0\x00\x00q' |>>>",7c:b2:7d:dc:77:e2,b4:6b:fc:c7:e5:6b,Intel Corporate,Intel Corporate,Unknown Protocol
104,,,,90,"<Ether  dst=b4:6b:fc:c7:e5:6b src=7c:b2:7d:dc:77:e2 type=IPv6 |<IPv6  version=6 tc=0 fl=0 plen=36 nh=Hop-by-Hop Option Header hlim=1 src=fe80::c00a:24aa:7fee:cf2c dst=ff02::16 |<IPv6ExtHdrHopByHop  nh=ICMPv6 len=0 autopad=On options=[<RouterAlert  otype=Router Alert [00: skip, 0: Don't change en-route] optlen=2 value=Datagram contains a MLD message |>, <PadN  otype=PadN [00: skip, 0: Don't change en-route] optlen=0 |>] |<ICMPv6MLReport2  type=MLD Report Version 2 res=0 cksum=0x3b01 reserved=0 records_number=1 records=[<ICMPv6MLDMultAddrRec  rtype=4 auxdata_len=0 sources_number=0 dst=ff02::13a |>] |>>>>",7c:b2:7d:dc:77:e2,b4:6b:fc:c7:e5:6b,Intel Corporate,Intel Corporate,Unknown Protocol
105,,,,188,"<Ether  dst=b4:6b:fc:c7:e5:6b src=04:b0:e7:65:21:ef type=IPv6 |<IPv6  version=6 tc=0 fl=0 plen=134 nh=UDP hlim=1 src=fe80::1 dst=ff02::c |<UDP  sport=58991 dport=ssdp len=134 chksum=0xd41e |<Raw  load='M-SEARCH * HTTP/1.1\r\nHOST: [FF02::C]:1900\r\nMAN: ""ssdp:discover""\r\nMX: 5\r\nST: urn:schemas-upnp-org:device:ManageableDevice:1\r\n\r\n' |>>>>",04:b0:e7:65:21:ef,b4:6b:fc:c7:e5:6b,"HUAWEI TECHNOLOGIES CO.,LTD",Intel Corporate,Unknown Protocol
106,192.168.100.13,224.0.0.251,17,103,<Ether  dst=b4:6b:fc:c7:e5:6b src=5a:3f:ca:a1:ab:9a type=IPv4 |<IP  version=4 ihl=5 tos=0x0 len=89 id=51714 flags=DF frag=0 ttl=255 proto=udp chksum=0xabdf src=192.168.100.13 dst=224.0.0.251 |<UDP  sport=5353 dport=5353 len=69 chksum=0xcaa1 |<DNS  id=18 qr=0 opcode=QUERY aa=0 tc=0 rd=0 ra=0 z=0 ad=0 cd=0 rcode=ok qdcount=2 ancount=0 nscount=0 arcount=0 qd=<DNSQR  qname='_CA5E8412._sub._googlecast._tcp.local.' qtype=PTR qclass=IN |<DNSQR  qname='_googlecast._tcp.local.' qtype=PTR qclass=IN |>> an=None ns=None ar=None |>>>>,5a:3f:ca:a1:ab:9a,b4:6b:fc:c7:e5:6b,Vendor Not Found,Intel Corporate,Unknown Protocol
107,,,,188,"<Ether  dst=b4:6b:fc:c7:e5:6b src=04:b0:e7:65:21:ef type=IPv6 |<IPv6  version=6 tc=0 fl=0 plen=134 nh=UDP hlim=1 src=fe80::1 dst=ff02::c |<UDP  sport=58991 dport=ssdp len=134 chksum=0xd41e |<Raw  load='M-SEARCH * HTTP/1.1\r\nHOST: [FF02::C]:1900\r\nMAN: ""ssdp:discover""\r\nMX: 5\r\nST: urn:schemas-upnp-org:device:ManageableDevice:1\r\n\r\n' |>>>>",04:b0:e7:65:21:ef,b4:6b:fc:c7:e5:6b,"HUAWEI TECHNOLOGIES CO.,LTD",Intel Corporate,Unknown Protocol
108,192.168.100.1,239.255.255.250,17,174,"<Ether  dst=b4:6b:fc:c7:e5:6b src=04:b0:e7:65:21:ef type=IPv4 |<IP  version=4 ihl=5 tos=0x0 len=160 id=2581 flags=DF frag=0 ttl=4 proto=udp chksum=0x5794 src=192.168.100.1 dst=239.255.255.250 |<UDP  sport=33642 dport=ssdp len=140 chksum=0xb6d2 |<Raw  load='M-SEARCH * HTTP/1.1\r\nHOST: 239.255.255.250:1900\r\nMAN: ""ssdp:discover""\r\nMX: 5\r\nST: urn:schemas-upnp-org:device:ManageableDevice:1\r\n\r\n' |>>>>",04:b0:e7:65:21:ef,b4:6b:fc:c7:e5:6b,"HUAWEI TECHNOLOGIES CO.,LTD",Intel Corporate,Unknown Protocol
109,192.168.100.1,239.255.255.250,17,174,"<Ether  dst=b4:6b:fc:c7:e5:6b src=04:b0:e7:65:21:ef type=IPv4 |<IP  version=4 ihl=5 tos=0x0 len=160 id=2597 flags=DF frag=0 ttl=4 proto=udp chksum=0x5784 src=192.168.100.1 dst=239.255.255.250 |<UDP  sport=33642 dport=ssdp len=140 chksum=0xb6d2 |<Raw  load='M-SEARCH * HTTP/1.1\r\nHOST: 239.255.255.250:1900\r\nMAN: ""ssdp:discover""\r\nMX: 5\r\nST: urn:schemas-upnp-org:device:ManageableDevice:1\r\n\r\n' |>>>>",04:b0:e7:65:21:ef,b4:6b:fc:c7:e5:6b,"HUAWEI TECHNOLOGIES CO.,LTD",Intel Corporate,Unknown Protocol
110,,,,189,"<Ether  dst=b4:6b:fc:c7:e5:6b src=04:b0:e7:65:21:ef type=IPv6 |<IPv6  version=6 tc=0 fl=0 plen=135 nh=UDP hlim=1 src=fe80::1 dst=ff05::c |<UDP  sport=58991 dport=ssdp len=135 chksum=0x8c79 |<Raw  load='M-SEARCH * HTTP/1.1\r\nHOST: [FF05::C]:1900\r\nMAN: ""ssdp:discover""\r\nMX: 5\r\nST: urn:www-huawei-com:service:NetworkSyncService:1\r\n\r\n' |>>>>",04:b0:e7:65:21:ef,b4:6b:fc:c7:e5:6b,"HUAWEI TECHNOLOGIES CO.,LTD",Intel Corporate,Unknown Protocol
111,,,,189,"<Ether  dst=b4:6b:fc:c7:e5:6b src=04:b0:e7:65:21:ef type=IPv6 |<IPv6  version=6 tc=0 fl=0 plen=135 nh=UDP hlim=1 src=fe80::1 dst=ff05::c |<UDP  sport=58991 dport=ssdp len=135 chksum=0x8c79 |<Raw  load='M-SEARCH * HTTP/1.1\r\nHOST: [FF05::C]:1900\r\nMAN: ""ssdp:discover""\r\nMX: 5\r\nST: urn:www-huawei-com:service:NetworkSyncService:1\r\n\r\n' |>>>>",04:b0:e7:65:21:ef,b4:6b:fc:c7:e5:6b,"HUAWEI TECHNOLOGIES CO.,LTD",Intel Corporate,Unknown Protocol
112,,,,189,"<Ether  dst=b4:6b:fc:c7:e5:6b src=04:b0:e7:65:21:ef type=IPv6 |<IPv6  version=6 tc=0 fl=0 plen=135 nh=UDP hlim=1 src=fe80::1 dst=ff02::c |<UDP  sport=58991 dport=ssdp len=135 chksum=0x8c7f |<Raw  load='M-SEARCH * HTTP/1.1\r\nHOST: [FF02::C]:1900\r\nMAN: ""ssdp:discover""\r\nMX: 5\r\nST: urn:www-huawei-com:service:NetworkSyncService:1\r\n\r\n' |>>>>",04:b0:e7:65:21:ef,b4:6b:fc:c7:e5:6b,"HUAWEI TECHNOLOGIES CO.,LTD",Intel Corporate,Unknown Protocol
113,,,,189,"<Ether  dst=b4:6b:fc:c7:e5:6b src=04:b0:e7:65:21:ef type=IPv6 |<IPv6  version=6 tc=0 fl=0 plen=135 nh=UDP hlim=1 src=fe80::1 dst=ff02::c |<UDP  sport=58991 dport=ssdp len=135 chksum=0x8c7f |<Raw  load='M-SEARCH * HTTP/1.1\r\nHOST: [FF02::C]:1900\r\nMAN: ""ssdp:discover""\r\nMX: 5\r\nST: urn:www-huawei-com:service:NetworkSyncService:1\r\n\r\n' |>>>>",04:b0:e7:65:21:ef,b4:6b:fc:c7:e5:6b,"HUAWEI TECHNOLOGIES CO.,LTD",Intel Corporate,Unknown Protocol
114,192.168.100.1,239.255.255.250,17,175,"<Ether  dst=b4:6b:fc:c7:e5:6b src=04:b0:e7:65:21:ef type=IPv4 |<IP  version=4 ihl=5 tos=0x0 len=161 id=2611 flags=DF frag=0 ttl=4 proto=udp chksum=0x5775 src=192.168.100.1 dst=239.255.255.250 |<UDP  sport=33642 dport=ssdp len=141 chksum=0x6f33 |<Raw  load='M-SEARCH * HTTP/1.1\r\nHOST: 239.255.255.250:1900\r\nMAN: ""ssdp:discover""\r\nMX: 5\r\nST: urn:www-huawei-com:service:NetworkSyncService:1\r\n\r\n' |>>>>",04:b0:e7:65:21:ef,b4:6b:fc:c7:e5:6b,"HUAWEI TECHNOLOGIES CO.,LTD",Intel Corporate,Unknown Protocol
115,192.168.100.1,239.255.255.250,17,175,"<Ether  dst=b4:6b:fc:c7:e5:6b src=04:b0:e7:65:21:ef type=IPv4 |<IP  version=4 ihl=5 tos=0x0 len=161 id=2624 flags=DF frag=0 ttl=4 proto=udp chksum=0x5768 src=192.168.100.1 dst=239.255.255.250 |<UDP  sport=33642 dport=ssdp len=141 chksum=0x6f33 |<Raw  load='M-SEARCH * HTTP/1.1\r\nHOST: 239.255.255.250:1900\r\nMAN: ""ssdp:discover""\r\nMX: 5\r\nST: urn:www-huawei-com:service:NetworkSyncService:1\r\n\r\n' |>>>>",04:b0:e7:65:21:ef,b4:6b:fc:c7:e5:6b,"HUAWEI TECHNOLOGIES CO.,LTD",Intel Corporate,Unknown Protocol
116,192.168.100.19,192.168.100.1,17,90,<Ether  dst=04:b0:e7:65:21:ef src=b4:6b:fc:c7:e5:6b type=IPv4 |<IP  version=4 ihl=5 tos=0x0 len=76 id=29163 flags= frag=0 ttl=128 proto=udp chksum=0x7f50 src=192.168.100.19 dst=192.168.100.1 |<UDP  sport=59099 dport=domain len=56 chksum=0x552c |<DNS  id=23391 qr=0 opcode=QUERY aa=0 tc=0 rd=1 ra=0 z=0 ad=0 cd=0 rcode=ok qdcount=1 ancount=0 nscount=0 arcount=0 qd=<DNSQR  qname='vscode-sync.trafficmanager.net.' qtype=A qclass=IN |> an=None ns=None ar=None |>>>>,b4:6b:fc:c7:e5:6b,04:b0:e7:65:21:ef,Intel Corporate,"HUAWEI TECHNOLOGIES CO.,LTD",Unknown Protocol
117,192.168.100.19,192.168.100.1,17,90,<Ether  dst=04:b0:e7:65:21:ef src=b4:6b:fc:c7:e5:6b type=IPv4 |<IP  version=4 ihl=5 tos=0x0 len=76 id=29164 flags= frag=0 ttl=128 proto=udp chksum=0x7f4f src=192.168.100.19 dst=192.168.100.1 |<UDP  sport=63774 dport=domain len=56 chksum=0x8f53 |<DNS  id=3765 qr=0 opcode=QUERY aa=0 tc=0 rd=1 ra=0 z=0 ad=0 cd=0 rcode=ok qdcount=1 ancount=0 nscount=0 arcount=0 qd=<DNSQR  qname='vscode-sync.trafficmanager.net.' qtype=HTTPS qclass=IN |> an=None ns=None ar=None |>>>>,b4:6b:fc:c7:e5:6b,04:b0:e7:65:21:ef,Intel Corporate,"HUAWEI TECHNOLOGIES CO.,LTD",Unknown Protocol
118,192.168.100.19,13.67.9.5,6,904,"<Ether  dst=04:b0:e7:65:21:ef src=b4:6b:fc:c7:e5:6b type=IPv4 |<IP  version=4 ihl=5 tos=0x0 len=890 id=8041 flags=DF frag=0 ttl=128 proto=tcp chksum=0x9d11 src=192.168.100.19 dst=13.67.9.5 |<TCP  sport=49323 dport=https seq=2746986493 ack=2814690637 dataofs=5 reserved=0 flags=PA window=258 chksum=0x18a4 urgptr=0 |<Raw  load='\x17\x03\x03\x03Mw\\xa1\\xc5\x1c\\x8aj\\xf5\\x94\\xf7n\\x90\\xd3\\xdfT\\xc43\\xafo\\xbc\\x9d\\x90\rv\\xf7nA\x18\\xa5N9\\xd0\\{ue\\xde\\xca͙Ĺ\\xeb\\x96L\\xff""\\xc3B\\xee\x0eXN\\x97\x06k\x07\\x99g\\xcf\x0b\\x8e\\x87ta\\x8bZ{\\xb6\\xb3\\xe7\\xbf\x1d\x02\\xea\\x87\x19ư|\x1a\\x95N\\x9d!$ϸVh{^\\x96\\xca\x16\\x8c\x14Y\\xc10\\xbe!@o\\x89\\x8cY\\xf9!\r\\xe0\t\\xe1\\xb1\\xe3\\xe2\\xbd4z\\xebܲ\\x97&͗\\xfe\\xb1\x15\\x8f\\x8a{\\xf8c\\xfd\\xcc\\xf5"",_\\xc5>\\x8c\x00\\xe1j\\x85\\x8eAr\\xca|]\\xf1\\xe3\\x91f\x1aI=\\x91\x18\'\\xf6\\xdb (\\xe1,\\xbb\x1d\\xfd\\xe6l\\xa3\\xd1]\x1e9f\x13\\xb8\x1c[\x0c\\xdeY\x04\x07\\x97\\xfe\\xbe\x0c\x18\\xc6\r\\xd7#\\x90_9\x07x\x15\x1a\\x9c\x06z\\xf7|>\\xbe8\\xcbMcx#7\x1ez\\xad U\\x98\\xb1X\x7f\\x8d\\xb3\\\x06тy\\xab\\xa8P\x04\\xda\\xdb\\xcc\r\\x98\\xb4\\xcf7?\x10\\xe2\t\\xcf\x0b\\x83\\x90\x03\\xc1\\xf0Ӛ\\xf4\x19\\xbcma\x04`\n\\xc5&\\xc4옛%>\r9\x18\\xcc{\\xf6j\\xa6\\xb4\x03b\\xdc\x14\\x9b#a\\xbe\\xd0E\x04\\xfb3\\xb2\\x9fn^\\x97`4.2a\\xb2E8\\xbcݺc<\\xdb\\xcdKN\\xbbQ]Ϙ\x05\\xd2GY\x118D\\xf3\x0c\\xd9w\\x99ٮ\\x87\\xf9~\\xe2\x13\\xd53\x1f\\xe7\\xea1\\xd7%%\\xc3\\xe1\\x98K\\xccD\\xf4\\x95\\x92\x04\\xf8j\\x90\\xfb\\xe1\\x8cN`\\xb1\\xb5\\x9f8%{\x100n6e\\xadfJ$f!\\xf2ڲK*\x1e`\\xa9\\xb0\\x9f \\xf4F^ʎ\\xb7:\x1c\\xf3\\xf9\\xf9\\x9e\\xa8\\xb3\\xbb\x1c+\\xc1E\\xa4\\xa2ƈ\\xa2\\x9f\\xa0\\x90\\xd9\x08\\xe4t\\x84\x1b\x10\\xf8\\xe8Y\\xa7qb\x17\x17\x01\\x91\t1lO@\x04\\xa1\\xa0\\xc5\\xeb|\\xe5\\xc0\\xbc\\xbbv\\xb6\nk\\xdc\\xcd\x15\\xf5\\xb9\\xdca UL\\xe3\\xddW\\x8f\x08\x1f%\\x88<\\xf4·\\xee\\xa9Nf\\xcey\\xf5\\xd2\\xf0\\x9f(\\xf6\\xd4Q\x1b\\xa4=\\x95\\xe71K}\x16\\xeeE\\xbf>\\x8e\\xf6 `M\'\\xe8:\\xfd1rI%\\xceMa\\xdd\\xe5\\xe1\\xf0\x16\x1f5\\xd29\\x9d\rP\\xfc\\xf9\\x804Cb\t\x06,\\xf5\\x93\\xef\\x96}\\xca\\xfen\\x93blj+\\xcb\n\\x8a\\xad\\xf2\r.\\x94\x1b\x06\\xebB\\xe9\x15M\\xf0~\\x8ayV\\x97\\xa2\\xb2cWV\\xddf\x1fzjo\\xe3Sz<vh\\xf1\'!\x05։\\xd1\x17\x03ը\\xe2\\xcd\x07\x16\\xfc\\xd6wG\\x87\\xee&\\xdf\\xed\n\\xbd#\\x97K\\xb3Z\\xb9\\xc4\\xfbi\\xf7\n\\x90\x05\x10\'\x06\x1eO\x1d\\xa2$d\\xb5p""\\x92i\\xa3Fyvp\\xc62]\\xca+\x14l\\xf1\\xe2\x059\\xee\x10\\xa6\x11\\xfb\x0f#\\xf3\\xc6\\xfc\\xc2\\xfc\\x86\\x8b\\xc6\\xd8}\\x949\\xab\x19?\\xc2;H\x16\\x9dL,l,c\\xa9\x05\\x83\\xa6\x08\\xf2\\xdfg\\x89\x06C\x19\\x91\\xa9\\x8f\\xab\\xfc<\\xf3\\xf9l\\xde-i:b!G\\xa5&y\\xae\\xb2\\xdf\x1a\'\\x8c]\n\\xb6\x00\\x80m\\xe8\\xe3\\xed\\xcb\x11MO\\xc8\x04\\xb9\\xb2\\xb9\\x8ejXM\\x89\\xc1\\xda\\xd7A\x7f\x02\\xd4E.\x075\\x9fL"".\\xb6\\x85""\x18\\xa5\\xd0r\\x90\\xbb\\xeb5wW:\\xb6\x13`V\\xe5#\x17\\xd80^\\xe1\\x8bk\\x9d\\xb4\\xdf;b@\\x87\\xa5\\xc3T>\\xe5\x1a\x159P\\x99>I\\x8a\\xf4\\xee\x17b\\x8f""\\xf3\\xff\x03\\x80U\\xb5\x18\x00\'\\xe6B\\xb2\\xf7\\xba\\x90\x1c\\xb1.' |>>>>",b4:6b:fc:c7:e5:6b,04:b0:e7:65:21:ef,Intel Corporate,"HUAWEI TECHNOLOGIES CO.,LTD",Unknown Protocol
119,192.168.100.1,192.168.100.19,17,281,<Ether  dst=b4:6b:fc:c7:e5:6b src=04:b0:e7:65:21:ef type=IPv4 |<IP  version=4 ihl=5 tos=0x0 len=267 id=26511 flags=DF frag=0 ttl=64 proto=udp chksum=0x88ed src=192.168.100.1 dst=192.168.100.19 |<UDP  sport=domain dport=59099 len=247 chksum=0x663b |<DNS  id=23391 qr=1 opcode=QUERY aa=0 tc=0 rd=1 ra=1 z=0 ad=0 cd=0 rcode=ok qdcount=1 ancount=4 nscount=0 arcount=0 qd=<DNSQR  qname='vscode-sync.trafficmanager.net.' qtype=A qclass=IN |> an=<DNSRR  rrname='vscode-sync.trafficmanager.net.' type=CNAME rclass=IN ttl=219 rdlen=38 rdata='vscode-sync-ase-01.azurewebsites.net.' |<DNSRR  rrname='vscode-sync-ase-01.azurewebsites.net.' type=CNAME rclass=IN ttl=219 rdlen=49 rdata='waws-prod-sg1-051.sip.azurewebsites.windows.net.' |<DNSRR  rrname='waws-prod-sg1-051.sip.azurewebsites.windows.net.' type=CNAME rclass=IN ttl=2767 rdlen=52 rdata='waws-prod-sg1-051.southeastasia.cloudapp.azure.com.' |<DNSRR  rrname='waws-prod-sg1-051.southeastasia.cloudapp.azure.com.' type=A rclass=IN ttl=219 rdlen=4 rdata=13.67.9.5 |>>>> ns=None ar=None |>>>>,04:b0:e7:65:21:ef,b4:6b:fc:c7:e5:6b,"HUAWEI TECHNOLOGIES CO.,LTD",Intel Corporate,Unknown Protocol
120,192.168.100.1,192.168.100.19,17,329,<Ether  dst=b4:6b:fc:c7:e5:6b src=04:b0:e7:65:21:ef type=IPv4 |<IP  version=4 ihl=5 tos=0x0 len=315 id=26512 flags=DF frag=0 ttl=64 proto=udp chksum=0x88bc src=192.168.100.1 dst=192.168.100.19 |<UDP  sport=domain dport=63774 len=295 chksum=0x6406 |<DNS  id=3765 qr=1 opcode=QUERY aa=0 tc=0 rd=1 ra=1 z=0 ad=0 cd=0 rcode=ok qdcount=1 ancount=3 nscount=1 arcount=0 qd=<DNSQR  qname='vscode-sync.trafficmanager.net.' qtype=HTTPS qclass=IN |> an=<DNSRR  rrname='vscode-sync.trafficmanager.net.' type=CNAME rclass=IN ttl=218 rdata='vscode-sync-ase-01.azurewebsites.net.' |<DNSRR  rrname='vscode-sync-ase-01.azurewebsites.net.' type=CNAME rclass=IN ttl=218 rdata='waws-prod-sg1-051.sip.azurewebsites.windows.net.' |<DNSRR  rrname='waws-prod-sg1-051.sip.azurewebsites.windows.net.' type=CNAME rclass=IN ttl=2766 rdlen=52 rdata='waws-prod-sg1-051.southeastasia.cloudapp.azure.com.' |>>> ns=<DNSRRSOA  rrname='southeastasia.cloudapp.azure.com.' type=SOA rclass=IN ttl=271 mname='ns1-01.azure-dns.com.' rname='msnhst.microsoft.com.' serial=10001 refresh=900 retry=300 expire=604800 minimum=60 |> ar=None |>>>>,04:b0:e7:65:21:ef,b4:6b:fc:c7:e5:6b,"HUAWEI TECHNOLOGIES CO.,LTD",Intel Corporate,Unknown Protocol
121,13.67.9.5,192.168.100.19,6,432,"<Ether  dst=b4:6b:fc:c7:e5:6b src=04:b0:e7:65:21:ef type=IPv4 |<IP  version=4 ihl=5 tos=0x0 len=418 id=46804 flags= frag=0 ttl=108 proto=tcp chksum=0x5b7e src=13.67.9.5 dst=192.168.100.19 |<TCP  sport=https dport=49323 seq=2814690637 ack=2746987343 dataofs=5 reserved=0 flags=PA window=16385 chksum=0xdde0 urgptr=0 |<Raw  load='\x17\x03\x03\x01u\x0e\\xf8\\x8f\\xf8c\\xd4\\\\xaa\\xba]\\xa0\x16\\xfa^\x1c\\xfd\\xbbf\\xc2ԣ\\xfd\\xf1u\\xbeU\x07C0\\xba~\u05fa\x04?\\xb1\\x98\\xd3\x10\x19\\xa8\x08<\\xf1H]\\xcd0\\xd4\\xf9\\x8d\\x9a\\xe5\x15\\xe3V\\xa5\\xe2H\\x85\\xbe\x1c\\xaa\\xf8Zv\\xb6\\xf1\\xd4J=\\xbdy4\\xae\\xeb\\xeeC\x1c\x19\\xa9`\\xbb\\x84U{R\\xafp\x1bG\\xd2\\xc76\\xfdF\\xeax\\xdcc\\xc79\x13\\x98\\xe0\\xd4\\xd5\\xe8\x16\\xd6y5\\x83\\xf2\\xab\\x87\\xfa?\x02\\xa8l;\\xf5Φc\\x8eb\\xa4p&o_]\x0e\\x80\\xee\\xb6\\xce:E\\xf93\\xbaMpJ\\x95\\x8e+?\x00^\\x90L\\xaf\\xa3ѕxPB\\x87\\xdd\x00\x13\x14O;&\x7fGh\\x8bT\\xadw\\x86\\x8cUύ\\xc8\x16ZHxB\\xdf\\xd1QcC\\xf9\\x91\\xbf\\xa6\\x9f\\xbe\\xf2\r(\\x80\\xe8\\x99i,\x0b`Yڦ\\xeb\\xb7O\\xcf\\xe9\\xb72\\xacy\\xac[\\xdb\\xfd\\xe9\\xc1\\xc0\\xb9\\xe8\x07\\xb4\x1b\\xb3\\xa4\x08fwR\x17vQό#te\\xbb,n\\xb8ӛO:v\x07/\\xb0ރm\\xb0\\xf6+\\xae\\xbaQ\\xf5\\xc0\x0e\\xe0W\\xed\\xa5\\xd5ޘ\\xbf0x&\\x93-\x159u\\xc5Oh.\\x96:\\xc8\\xe6]#Ñ\\xe4\\xadk\\xb9\\xc5\x1d\x1d\\x9dx\\xff\\xef\x1cx\\x97\\xf20ܨ\x0e\x03\x07\\xf45I6ڭ\\xca\\xeaKY\\xe67\\xf3\\xfaR|)0\x15E\r\\xa2\\x81\\xf3\\xd3\\xd3O\x7f\\xf9\\xa8t\\xdaD\\xe8l\\xf2>3\\xcd^lɊ\\xbav\\xf1\\xe0\\xd1\\xd6+\\xddV\x1d' |>>>>",04:b0:e7:65:21:ef,b4:6b:fc:c7:e5:6b,"HUAWEI TECHNOLOGIES CO.,LTD",Intel Corporate,Unknown Protocol
122,192.168.100.19,13.67.9.5,6,54,<Ether  dst=04:b0:e7:65:21:ef src=b4:6b:fc:c7:e5:6b type=IPv4 |<IP  version=4 ihl=5 tos=0x0 len=40 id=8042 flags=DF frag=0 ttl=128 proto=tcp chksum=0xa062 src=192.168.100.19 dst=13.67.9.5 |<TCP  sport=49323 dport=https seq=2746987343 ack=2814691015 dataofs=5 reserved=0 flags=A window=257 chksum=0xebd1 urgptr=0 |>>>,b4:6b:fc:c7:e5:6b,04:b0:e7:65:21:ef,Intel Corporate,"HUAWEI TECHNOLOGIES CO.,LTD",Unknown Protocol
123,192.168.100.13,239.255.255.250,17,164,"<Ether  dst=b4:6b:fc:c7:e5:6b src=5a:3f:ca:a1:ab:9a type=IPv4 |<IP  version=4 ihl=5 tos=0x0 len=150 id=689 flags=DF frag=0 ttl=1 proto=udp chksum=0x61f6 src=192.168.100.13 dst=239.255.255.250 |<UDP  sport=46640 dport=ssdp len=130 chksum=0x47e9 |<Raw  load='M-SEARCH * HTTP/1.1\r\nHOST: 239.255.255.250:1900\r\nMAN: ""ssdp:discover""\r\nST: urn:mdx-netflix-com:service:target:1\r\nMX: 2\r\n\r\n' |>>>>",5a:3f:ca:a1:ab:9a,b4:6b:fc:c7:e5:6b,Vendor Not Found,Intel Corporate,Unknown Protocol
124,192.168.100.13,239.255.255.250,17,167,"<Ether  dst=b4:6b:fc:c7:e5:6b src=5a:3f:ca:a1:ab:9a type=IPv4 |<IP  version=4 ihl=5 tos=0x0 len=153 id=690 flags=DF frag=0 ttl=1 proto=udp chksum=0x61f2 src=192.168.100.13 dst=239.255.255.250 |<UDP  sport=46141 dport=ssdp len=133 chksum=0xb749 |<Raw  load='M-SEARCH * HTTP/1.1\r\nHOST: 239.255.255.250:1900\r\nMAN: ""ssdp:discover""\r\nST: urn:dial-multiscreen-org:service:dial:1\r\nMX: 2\r\n\r\n' |>>>>",5a:3f:ca:a1:ab:9a,b4:6b:fc:c7:e5:6b,Vendor Not Found,Intel Corporate,Unknown Protocol
125,192.168.100.8,224.0.0.22,2,54,"<Ether  dst=b4:6b:fc:c7:e5:6b src=7c:b2:7d:dc:77:e2 type=IPv4 |<IP  version=4 ihl=6 tos=0x0 len=40 id=23960 flags= frag=0 ttl=1 proto=2 chksum=0xc270 src=192.168.100.8 dst=224.0.0.22 options=[<IPOption_Router_Alert  copy_flag=1 optclass=control option=router_alert length=4 alert=router_shall_examine_packet |>] |<Raw  load='""\x00\\xfa\\x8c\x00\x00\x00\x01\x03\x00\x00\x00\\xe0\x00\x00q' |>>>",7c:b2:7d:dc:77:e2,b4:6b:fc:c7:e5:6b,Intel Corporate,Intel Corporate,Unknown Protocol
126,,,,90,"<Ether  dst=b4:6b:fc:c7:e5:6b src=7c:b2:7d:dc:77:e2 type=IPv6 |<IPv6  version=6 tc=0 fl=0 plen=36 nh=Hop-by-Hop Option Header hlim=1 src=fe80::c00a:24aa:7fee:cf2c dst=ff02::16 |<IPv6ExtHdrHopByHop  nh=ICMPv6 len=0 autopad=On options=[<RouterAlert  otype=Router Alert [00: skip, 0: Don't change en-route] optlen=2 value=Datagram contains a MLD message |>, <PadN  otype=PadN [00: skip, 0: Don't change en-route] optlen=0 |>] |<ICMPv6MLReport2  type=MLD Report Version 2 res=0 cksum=0x3c01 reserved=0 records_number=1 records=[<ICMPv6MLDMultAddrRec  rtype=3 auxdata_len=0 sources_number=0 dst=ff02::13a |>] |>>>>",7c:b2:7d:dc:77:e2,b4:6b:fc:c7:e5:6b,Intel Corporate,Intel Corporate,Unknown Protocol
127,192.168.100.8,224.0.0.22,2,54,"<Ether  dst=b4:6b:fc:c7:e5:6b src=7c:b2:7d:dc:77:e2 type=IPv4 |<IP  version=4 ihl=6 tos=0x0 len=40 id=23961 flags= frag=0 ttl=1 proto=2 chksum=0xc26f src=192.168.100.8 dst=224.0.0.22 options=[<IPOption_Router_Alert  copy_flag=1 optclass=control option=router_alert length=4 alert=router_shall_examine_packet |>] |<Raw  load='""\x00\\xf9\\x8c\x00\x00\x00\x01\x04\x00\x00\x00\\xe0\x00\x00q' |>>>",7c:b2:7d:dc:77:e2,b4:6b:fc:c7:e5:6b,Intel Corporate,Intel Corporate,Unknown Protocol
128,,,,90,"<Ether  dst=b4:6b:fc:c7:e5:6b src=7c:b2:7d:dc:77:e2 type=IPv6 |<IPv6  version=6 tc=0 fl=0 plen=36 nh=Hop-by-Hop Option Header hlim=1 src=fe80::c00a:24aa:7fee:cf2c dst=ff02::16 |<IPv6ExtHdrHopByHop  nh=ICMPv6 len=0 autopad=On options=[<RouterAlert  otype=Router Alert [00: skip, 0: Don't change en-route] optlen=2 value=Datagram contains a MLD message |>, <PadN  otype=PadN [00: skip, 0: Don't change en-route] optlen=0 |>] |<ICMPv6MLReport2  type=MLD Report Version 2 res=0 cksum=0x3b01 reserved=0 records_number=1 records=[<ICMPv6MLDMultAddrRec  rtype=4 auxdata_len=0 sources_number=0 dst=ff02::13a |>] |>>>>",7c:b2:7d:dc:77:e2,b4:6b:fc:c7:e5:6b,Intel Corporate,Intel Corporate,Unknown Protocol
129,192.168.100.8,224.0.0.22,2,54,"<Ether  dst=b4:6b:fc:c7:e5:6b src=7c:b2:7d:dc:77:e2 type=IPv4 |<IP  version=4 ihl=6 tos=0x0 len=40 id=23962 flags= frag=0 ttl=1 proto=2 chksum=0xc26e src=192.168.100.8 dst=224.0.0.22 options=[<IPOption_Router_Alert  copy_flag=1 optclass=control option=router_alert length=4 alert=router_shall_examine_packet |>] |<Raw  load='""\x00\\xf9\\x8c\x00\x00\x00\x01\x04\x00\x00\x00\\xe0\x00\x00q' |>>>",7c:b2:7d:dc:77:e2,b4:6b:fc:c7:e5:6b,Intel Corporate,Intel Corporate,Unknown Protocol
130,,,,90,"<Ether  dst=b4:6b:fc:c7:e5:6b src=7c:b2:7d:dc:77:e2 type=IPv6 |<IPv6  version=6 tc=0 fl=0 plen=36 nh=Hop-by-Hop Option Header hlim=1 src=fe80::c00a:24aa:7fee:cf2c dst=ff02::16 |<IPv6ExtHdrHopByHop  nh=ICMPv6 len=0 autopad=On options=[<RouterAlert  otype=Router Alert [00: skip, 0: Don't change en-route] optlen=2 value=Datagram contains a MLD message |>, <PadN  otype=PadN [00: skip, 0: Don't change en-route] optlen=0 |>] |<ICMPv6MLReport2  type=MLD Report Version 2 res=0 cksum=0x3b01 reserved=0 records_number=1 records=[<ICMPv6MLDMultAddrRec  rtype=4 auxdata_len=0 sources_number=0 dst=ff02::13a |>] |>>>>",7c:b2:7d:dc:77:e2,b4:6b:fc:c7:e5:6b,Intel Corporate,Intel Corporate,Unknown Protocol
131,192.168.100.19,20.42.73.27,6,167,"<Ether  dst=04:b0:e7:65:21:ef src=b4:6b:fc:c7:e5:6b type=IPv4 |<IP  version=4 ihl=5 tos=0x0 len=153 id=5005 flags=DF frag=0 ttl=128 proto=tcp chksum=0x64d1 src=192.168.100.19 dst=20.42.73.27 |<TCP  sport=49317 dport=https seq=2860427390 ack=1891395692 dataofs=5 reserved=0 flags=PA window=254 chksum=0xf7b8 urgptr=0 |<Raw  load=""\x17\x03\x03\x00l>\x1d\\x8a\\xd0\x0e\\xb1\\xb8\\xb3\\xd0m\r\\x93-\x13\\xa9\\xc8ad;YbV^)\\xb4 F\\x9f\\xbd\\xfe.\\xf6\x1e1n\x1d\x1cK\\x9d{\\xc5'\\xb33 \x1eeI\\xcf{\x148\\xe1\\xd7\x02\\xe4\\xc10\x1f,W=\r:\x12o+{\\x91Q\x10\\xb9\\xdd%\\x87y\x1cS\x10\\xdbF\\xa7\u05cd\\xa6\\xa7\\xab0j\\xd7!\x04\\xaf\x1d9\\x96/P}\x07\x1bh\\xa6\\xe6w*\x02R"" |>>>>",b4:6b:fc:c7:e5:6b,04:b0:e7:65:21:ef,Intel Corporate,"HUAWEI TECHNOLOGIES CO.,LTD",Unknown Protocol
132,192.168.100.19,20.42.73.27,6,93,"<Ether  dst=04:b0:e7:65:21:ef src=b4:6b:fc:c7:e5:6b type=IPv4 |<IP  version=4 ihl=5 tos=0x0 len=79 id=5006 flags=DF frag=0 ttl=128 proto=tcp chksum=0x651a src=192.168.100.19 dst=20.42.73.27 |<TCP  sport=49317 dport=https seq=2860427503 ack=1891395692 dataofs=5 reserved=0 flags=PA window=254 chksum=0x162a urgptr=0 |<Raw  load='\x17\x03\x03\x00""\\xbc\x03`b\\xe0\\xea\x0b\x1aڃ\\x88\\xbf\\xcd\\xfdS\x1c\x1c\\xad#\x12x\x0f)\\xeaԋ\\xce\x16\\xadpQeq\\xf1' |>>>>",b4:6b:fc:c7:e5:6b,04:b0:e7:65:21:ef,Intel Corporate,"HUAWEI TECHNOLOGIES CO.,LTD",Unknown Protocol
133,192.168.100.19,20.42.73.27,6,1494,"<Ether  dst=04:b0:e7:65:21:ef src=b4:6b:fc:c7:e5:6b type=IPv4 |<IP  version=4 ihl=5 tos=0x0 len=1480 id=5007 flags=DF frag=0 ttl=128 proto=tcp chksum=0x5fa0 src=192.168.100.19 dst=20.42.73.27 |<TCP  sport=49317 dport=https seq=2860427542 ack=1891395692 dataofs=5 reserved=0 flags=A window=254 chksum=0x6bb5 urgptr=0 |<Raw  load='\x17\x03\x03\x08!\\xb7\\xb7\\xf4\x1c\\xdd\\xd9\\xe1\x1f\\xcf| ڬ\x03ie\\xe9\\xc7PŸ\\xf0\\xc4*\\x80\\xe2?6\\x97\\x87\\xa9z\\xf8\\xaf\\xd2\\xfc\x13d@\x00\\xbe\\xebQ+\x0c\\xc39\x02\\xab\\x8f\\xae\r\\x91\\x91\\x8d\\xd3\\xf9\\xb7oHp\\x94\\xe6\\xf0\\xbc\x0f\\xe1m\\x8b\nq\\x87D\\xd5\\xca\x04ja\\xbai\\x883\x02P\r\\xa9\\x98M{Ŕ\\x95\\x95\\xa5\\xb8Ӑ\\x8e\\xfb\\x8b`\x03=W\\xae\u0602|?c\\xa8Fn*S \\xc4SQU\\xa2o\\xf9/\\xf2h\\xdaQ\\xb5U\\xd3S\\xe1\\xfb\\xa1\\x99\\xf9\\x9a\\xd9xC\\x94U\\xc0\\xc7m\\x9esc\\xe0ُ\\xc3NX\\xa9g\\x9a\\x8e\x14\\xe5\\xfe\\x8d\\xf5w\\xc7\\xca\x10\\x8d\\xba\\xe4kc\\xe0\x08\\xa4\x01ӳ\\xcc(\\xcb\\xf6LN\x0f\\xe5=\x1eM\\x82\\xef\x03\\xfa&W\\xeeI\\xd5\\xd4Kn\\xb3r\\xa2Y\\x9f\\xd2\\xfd\\xd0""7f*\\xb6^y\\xbcV&\\x84v\\xed\\xd6M\\xa9\\xfdu\\xeb*P\\xc3|\\xa0,\\xfa\x02\\xf3n\\xc6\\xdc\r\\xb2l\\xf0\\xb1/\\x8b\x19\\xc0+\x15\\xdc\x0fG\\xee\\xe0OF\\xd7K\\x85\x03\\xbe\\xc06\\x91\\x9f4\\xac\x18UJ2\x08\\x8d\\xaa\\xdfI}\\x97\\xe1g^\\xcc\\xf3w\\x822\x7fp\\xc7އ\\xa2\\xf2\x0c_U\ue122\\x83\\x91\\xf5@Zc\\xc6WEGO\\xd6I\x15\\x8e\\x9e\\xa0Ş\x1f\\x9e\\xf1\x18A\\x94J\\xd9O\\xac\\x99\x1e\\xf8\\xd1\\xd9I\\xe6%ȳ\\xabB\\xdau\x1du\\x98\\xe1\\x9f+\\x91\\xfe?Ǵ>\\xbc\\xbb,\\xf4\\xd9\x01\\xc8`9,\x11\\xf0\\xab\\xc8\x07\\x84\x10\x1dU\x18\\xe0""\\xe5vx\\xadpM\\x9e\x04\x13lR\\xc4\\xf74\\x92\x1c\\xe0M\x02\\x9cs\x1f\x04\\xe2*(\\xab\\\\xe89&\\xfa\x12Dz\\x8f\\xd2\\xd8Ӳ\\xc4H\\xf7B*\\xfb\\xed\x05\x0bT4\\xfeMZ\\xaf\x00p\x01\\xa8g)q\\xb8\x18VJ\x02h]i[\x1b\\x9c\\x8b\x1ac\x06\\xc2\x0eh})]\x03%\\xad\\xc1\\x90Ǫ\x13u9\\xab]cɎ\\xa6!\\xad\\xfc\\xbf4\\xa1\\\\x86?\\xeb\x06\\xf9n\\xa8mu\'\\x98\\xb3\\xde.q\\xbc\x17\x01\\xc6ņ\\x9d=\x11\x19?ϭ\\xda(-\\x99lO\\x83\\xb2\\xe5;\\xd9\\xc8\\xf7\\xbd\x15 䀢n\\xd5a\x16\\x8b\\xb2}\\x80\\xfd\\xeb\\xe7n\r#\\x80\x11\\xe4N \\xe7\\x93Gh \\x9ef\\xb5\\xf0\\xff\\x95\\xbb\\xa0-\x11ek\r\\x82\\x97{\\x80\\xf30\\x86>v\\xb1`\\xc9nt\\xa4\\xaa\\xfenI8\\xf40@\\xa0\x08\\x9a\x18Pܖ\\x81\\xd5\x10dL\\x93\\xca7m\\xc4\x0c\\xd3\\xcdPi\\xec;vй\\xd6 &\\xc2+\\xd8\\xffp(8_~gc\\xf5\x02L\\x86\x17\\xd1z\\xd6ud\x0fU\\xa5\\xe5\\xe3\\xd9\\xc23\\xaa\\xb4\\xd5M\x18Р\\xdd\\xc8+\\xccw\\x91\x0e[\\xea\\xc3\\xfb\\xc1a\t`K\\xaf\x05Q9\\xc0\\xed\\xf7|\x132cR\x0b\\xe0\\xe1\\xc7\\xf6\\xc0\x12g\\xf3\\xf2G\\xcd\\xe9\\x8e\\xff4\\x988?\x0eU\\x80\x07l3""""\\xe56\\x94\\xa3B\\x8d\\xf5}\x152\\x8b\\x8f\\x90ZvK\\x8a\\xb0=\\x94\\xb7j%XY=\\x95\\xef\\xc2*\\x9cr\\xa1~-\x1f\\xbc\\xbc\\xfa\x10\\x8dV\\xb3AQ˧\\xfe\\xbd]\\x84F\\x92\\xe5@\x07\\xe2\x16\\xc7쪯\x7f\x0fG\x12;\\xc4&A\\xcb\\xd4\\xdd\x19=X\x14P\x0fk\\x9a\\xd9C\\xab\x01\x0f\\x89|Є1麒\x05`xQ\x19\\xcc\x19߈~\\xf7)0\\xd8.U\\xcc\\xfe\\xae\x05\\xf4\\xe1 EN\\xbd\x06\\x87\x06:\\xb6G\\x9e\\xfd\\xc8\uee02\\xefƛ\x0b!_\\x89\\x98\\x8bl\\x95}\\xed^\\xad\\x9d\\xa2\\xca\\xce!kH\\x91\\xde?\\xb1Oa2\\xfa\x10c\\xee\\xde\x01\\xb6\x03\\xd1ԩ?\\xb2\\xd8""{\x06@\\xdfH\x0c\\xe3\\xf5F+y\\x97h\\xf1\\xa1唽\\xc1=\\xfbG\\xf1uM\\xab\\x9ed{/\\x82\\x9e\x03\\xa2[A\\x90z\\xa2\x10\\xe4\x1dL\\xb4\\xf6i\x0f\\x80\\xa0y\\xf5\\xd9ۓ \\xae\\xc3(,0\\xa8\x02\\xf3\\xa2\\xfc\x1a\\x9c\\x8f\\xd3\x02F\\xcaE\\xd2\x11@\\xa1e\\x96\x16\x11=$^4\rt\\xb0\\xb3\\xb0\\xc7ʱSl\\x88zsH\\xf0\\xc5h\\x9d\\x8e\\x85%\\x8ec\\xb9\x1c\\xf0\\xdf[|n\\xe5\x08h\\x9a\\xce*g\\xbcy+\\xadؐ\\x9f\\xf3\x00/\\xa2\\xe9&\\x8e\\xbc\\xc7S\\xff\\x80\\xe3\\xcb\\xd4\\xcb\\xd5\\xc2\x1f.q\\xc0\\xb2\\xc3!V\\xa4/yc\\x93\\x88\\xe1\\xd6n\x0cZP0\\xead#\\xa77\\xbf\\xa7\\x80ȥZ-T\\xca?\\xa2\\xf6/UX\\xa6\x1b\\xeb\\xc3T\x18\\xbf\\xdf<}\\xa6b\\x90{j\x1e\x06a\\x96\x0ff\x0f\\xdd0\\xa7b\\x89\x03s}6Ge\\xf6P<H\\x948\\xaa\x16Ŀ\\xf3\\xcc\\xf4I\\xf1R\\x82T\\xf9\\xabV\\xe9\n\\xa0\\xe4\\xdbF\\xd7\\xf1\n\\xf3\x7f0\x7f3\\xc5\x12\\xcc\\xf0\\xbc#x/`l\\x86\\xbb\\xed\\xc7\\xd2H\x02\\x98\\xfcת\\x93\\xac\\xe0$\\xf8\\xfeZ\x04\\x84f&\\xf7,\\xbb\\xb8JI\\xd4\x19\\xc7o\x03\\x8as\\xd3\\xf9\\xec\\x9a\\xf4\\xd1@9\\xeb\\xd4 ;\\xb3u3P\\xa8b\\xdb\\xe9\\xdc\\xf8\\x8eck\\xceA\\x94\r\\xd1RX\\xa3""\\xb8\\xeb\x042꺻\\x8b3\\x80\\x8d\x1c{v)m&\\xf1""\x04\\xe81\\xf2\x02\x1fO\\xf3\\xd9\t~Z7\\xb2n(]\\xb8\\xdfD\\xf0\\x9e\\xbbh\x1f\\xaax8\\xd8~旿Zd\\xa8\x1c<J\x0e\\xe0\\xee7\\xcf\\xed\\x9bc\\x85f,\\xe4\x11S\\xda\\xde+\x04\\xbf\x03Q)s\\xfcٔ\\xd7BI\\x96o{\x0f\\x88`\\x94\x05\\xf7\\x92\\xdaP\\xf9`\\x9e\\xbd|\\xba\\xe5|\x12\\xfd\x04~N\\>\\xaa\x00\\xc5\\xd1+\\xef\x0c\x07G\x1c8}DJZ$\x0c\x1an\\xffWw\x18:\\xaeV\\xc5U\\xf0P\\xc5^|\\xb4\\x80L\x1e\x15\\xdc\\xe0\\xfc}\\x9c\\x8b*baT\\x82\\xa5\\xc4\\xc2\\xed\\xe8\\xa2q\\xf1\\x9b\\xe0.\\xbcy\\xf1o\\xa1\\xbb\\xa7X\\xf0y\\xddv2\\xf0\\xa8\\xb3\\xd0śW\\xa5M\\xa7\x14|Hʑ]sO\\xe1*\\xe5\\xc8""\\xfc' |>>>>",b4:6b:fc:c7:e5:6b,04:b0:e7:65:21:ef,Intel Corporate,"HUAWEI TECHNOLOGIES CO.,LTD",Unknown Protocol
134,192.168.100.19,20.42.73.27,6,700,"<Ether  dst=04:b0:e7:65:21:ef src=b4:6b:fc:c7:e5:6b type=IPv4 |<IP  version=4 ihl=5 tos=0x0 len=686 id=5008 flags=DF frag=0 ttl=128 proto=tcp chksum=0x62b9 src=192.168.100.19 dst=20.42.73.27 |<TCP  sport=49317 dport=https seq=2860428982 ack=1891395692 dataofs=5 reserved=0 flags=PA window=254 chksum=0x2959 urgptr=0 |<Raw  load='\\xf7\\xaf\\x84\\xa5\\xe0<\x1e\x1d\\x8c\\xb4W\\xb7\x1a\\xac#\\xa2b\x0e\\xe3""\\xd7=\\xd4\\xfck\\xa1\\xef\x15)\\xc5\\xc8+/\\xb1\\xfe\\x87\'\\xcf)P\\x88}\\x9e\\xb9C{\\x9c\\xd96S\\x85\x05^\\xe7\\x8f\x16*mU\\xa6\\xda\x1fl\\x84\\xc7K\x04]C\\xfc)e0!ЬV;\\xb4\\x8a\\xed\x11\\xedmS\\xbaQ\\x92\\x80\x1f\x7f1\\x9f\\x90\\x895k\\x83\\x90\\xedU\\xbcL\\xef\\xfb\\xc9Oon\x08\x05\x1d\\xb5\\\\xdc\x07i|\x1aE\x00Vd\\xe0\\x9bxL\\xd4\\xd4Q\\x99IvoW\\x9a\\xab\\xa5\\xb7_ڨ\\xdd.A:\\x84\\xf1l\\xd8a\\xd6\\Ev½\\xa0\\xae[\x05%226\\x8a\\xf2\\xa4M\\\x1c\x14\\x8d\x1f\x0b\x0f\'\x18\\xe5\x17m\\xd8\\xe7\\xa6\x1c7\\x8b\\xe9I\\xb9|KC\x15\\xb5\\xb8\x17\\x94\\xec\\xffu\x16\\xdd\\xfd:\\xebÐ\\x9c\\xb9]\x01ȷd\x1b\\x9d\\xcc3\x17X\\x8d\\xfb<\\xec`5p\\xc9\x08\\xa1\\xc7Z\x1aI\\x87\\x84g\\xdd\\xf0Շ\\xe2\x0bC\x1a4\\x91vUG\\xa5\\x83\\xbeī\\xaf\\xb0\\xb1\\xa9\\xbb\\xb1 \\xf1C\\xedld\\x87\x1d灜\\xaao<\\xa0\\x83\\xf6\\xaa\x038H\x1a\x7fu\x1aڗ)\\x9dJYY\\xc3\\xcc<\\x97d\\xde}\x1a\\xf2\x07I\x12\\xa5\\xfa\\x8e\x00\\x8b\\xe6\\xb4a\\x9b\\xa7F\\xa2\\xe0\\x8a\\xbf\\xfa\\xdc&\\x9aPXc\\x90R,gJ\\xe6\\xb2O6ȣ`\\xd9\x0bU\\x81I\x02Feq;\\xa8)\\xbc\\x91a\\xe1\\xb5Y!\\xfa\\xbc5:\\xfd\\x99|\\xe3\\xc6m\\xe8\x0cnlSC8\x07on\\xad\\x80+\\xbf2k\\xcb\\xe7FK³\\x8d\\xf3\\xc2\\xc3\x1b\\x8c\x04\\xca\\xc7,<r0ܩ\\x8b\x1fo\\xd9%\x0bq\x10\\xa8\\xdc\\xfa\\xdd\\xe9a\x17aQT\\xd6t\x07+\\x89E+r\\x8b\\x9c\\xe0gL\\xb7-\x1a\\xd8Lͽ\\x8ar\\xf8\\xde\\xc6\x7f\\xddp!ס\\x90@\\xea\\xb5Wg\\x98\\xbaZ5ohV\\xa4]G\\x85vwT\\xff<\\xa8\\xe8\\xd7p\\x951\x07\\x80a\\x98\x16D\\xfd"":\x04\x1a\\xe1`K%ì\\xeb5\x7fE\x00\\xbd{\\xda\x18*\x0f\\xb3h\x06?4\\x99kI4b\\xabٿ9\\xcew\\xb8?ӽ\\xbb(o\\xeds\x0bb+\x1e1\\xe1{\x1aި\\xa8\x11fź\\x98\\xd6F!GV\\xacIOЉ\\x86\x04ߢ\\x8e1\\xb2c\r\\x8f\\xde_i\\x97=4\\x95 ~Ē\\xe0\\xbd{\\x87\x1b\\x8drKI\\xb9\\xe5kjё\\xe9\\x9c쪲Y\\xa4\x11XRG@\\xa5\\xfe\\xf2\\xfd\x12\\xca\'תJc\x0ed(\x14]\'\\xea\\xde\\xc4/qĸ\\xde:\\xa51\\xfe\\xb7|_\\xb7\\xabV|' |>>>>",b4:6b:fc:c7:e5:6b,04:b0:e7:65:21:ef,Intel Corporate,"HUAWEI TECHNOLOGIES CO.,LTD",Unknown Protocol
135,20.42.73.27,192.168.100.19,6,54,<Ether  dst=b4:6b:fc:c7:e5:6b src=04:b0:e7:65:21:ef type=IPv4 |<IP  version=4 ihl=5 tos=0x0 len=40 id=51013 flags= frag=0 ttl=107 proto=tcp chksum=0x68a src=20.42.73.27 dst=192.168.100.19 |<TCP  sport=https dport=49317 seq=1891395692 ack=2860427542 dataofs=5 reserved=0 flags=A window=16384 chksum=0xfeb4 urgptr=0 |>>>,04:b0:e7:65:21:ef,b4:6b:fc:c7:e5:6b,"HUAWEI TECHNOLOGIES CO.,LTD",Intel Corporate,Unknown Protocol
136,20.42.73.27,192.168.100.19,6,93,"<Ether  dst=b4:6b:fc:c7:e5:6b src=04:b0:e7:65:21:ef type=IPv4 |<IP  version=4 ihl=5 tos=0x0 len=79 id=51014 flags= frag=0 ttl=107 proto=tcp chksum=0x662 src=20.42.73.27 dst=192.168.100.19 |<TCP  sport=https dport=49317 seq=1891395692 ack=2860428982 dataofs=5 reserved=0 flags=PA window=16385 chksum=0xb696 urgptr=0 |<Raw  load='\x17\x03\x03\x00""\\x90#\\xec\\x94y\x07\\xf7i\x1f\\xff\\x93N\\xbe};\\x925\x06\\xc0s\\x89\\xc5\\xf9\\\\xd7ϵ\'\\xafA\\x81\\xe8y\\xc0' |>>>>",04:b0:e7:65:21:ef,b4:6b:fc:c7:e5:6b,"HUAWEI TECHNOLOGIES CO.,LTD",Intel Corporate,Unknown Protocol
137,20.42.73.27,192.168.100.19,6,54,<Ether  dst=b4:6b:fc:c7:e5:6b src=04:b0:e7:65:21:ef type=IPv4 |<IP  version=4 ihl=5 tos=0x0 len=40 id=51015 flags= frag=0 ttl=107 proto=tcp chksum=0x688 src=20.42.73.27 dst=192.168.100.19 |<TCP  sport=https dport=49317 seq=1891395731 ack=2860429628 dataofs=5 reserved=0 flags=A window=16385 chksum=0xf666 urgptr=0 |>>>,04:b0:e7:65:21:ef,b4:6b:fc:c7:e5:6b,"HUAWEI TECHNOLOGIES CO.,LTD",Intel Corporate,Unknown Protocol
138,192.168.100.19,20.42.73.27,6,54,<Ether  dst=04:b0:e7:65:21:ef src=b4:6b:fc:c7:e5:6b type=IPv4 |<IP  version=4 ihl=5 tos=0x0 len=40 id=5009 flags=DF frag=0 ttl=128 proto=tcp chksum=0x653e src=192.168.100.19 dst=20.42.73.27 |<TCP  sport=49317 dport=https seq=2860429628 ack=1891395731 dataofs=5 reserved=0 flags=A window=254 chksum=0x356a urgptr=0 |>>>,b4:6b:fc:c7:e5:6b,04:b0:e7:65:21:ef,Intel Corporate,"HUAWEI TECHNOLOGIES CO.,LTD",Unknown Protocol
139,20.42.73.27,192.168.100.19,6,153,"<Ether  dst=b4:6b:fc:c7:e5:6b src=04:b0:e7:65:21:ef type=IPv4 |<IP  version=4 ihl=5 tos=0x0 len=139 id=51016 flags= frag=0 ttl=107 proto=tcp chksum=0x624 src=20.42.73.27 dst=192.168.100.19 |<TCP  sport=https dport=49317 seq=1891395731 ack=2860429628 dataofs=5 reserved=0 flags=PA window=16385 chksum=0xc886 urgptr=0 |<Raw  load='\x17\x03\x03\x00^\\xff\\x9c\\xadQg\\xf3\\xea\\xf8\x14\\x84\\x943/#\\xcc?`\\xbb5\x18,\\xfc.x*N\\xa1E\\xf9Õc0bć\x11\x1a""\\xbd\\xa5!fU\\x9d\\x8f\\xa2_cŀy\\xfd5\\x8b2KV\\xf4\\x8d\x0cT\\xa8njJ\\x94\\xbe\\xf8!t6&\\xee\\x87?\x1d\\x8fC\\xfa\\xcc(\\xf1,\\xf9\\xf5\x1aJ\\x8c@y\\xf5Yb' |>>>>",04:b0:e7:65:21:ef,b4:6b:fc:c7:e5:6b,"HUAWEI TECHNOLOGIES CO.,LTD",Intel Corporate,Unknown Protocol
140,192.168.100.19,20.42.73.27,6,89,<Ether  dst=04:b0:e7:65:21:ef src=b4:6b:fc:c7:e5:6b type=IPv4 |<IP  version=4 ihl=5 tos=0x0 len=75 id=5010 flags=DF frag=0 ttl=128 proto=tcp chksum=0x651a src=192.168.100.19 dst=20.42.73.27 |<TCP  sport=49317 dport=https seq=2860429628 ack=1891395830 dataofs=5 reserved=0 flags=PA window=254 chksum=0x9adf urgptr=0 |<Raw  load='\x17\x03\x03\x00\x1e\\xf0\\xe4x+}\\xf8\\xb5V\x01\\xa5͙\\xf9\x07j\\xa1\\x98.\\x8f\\xc14\\x98Y|\\xe6!\\xea]\\xa3\\x95' |>>>>,b4:6b:fc:c7:e5:6b,04:b0:e7:65:21:ef,Intel Corporate,"HUAWEI TECHNOLOGIES CO.,LTD",Unknown Protocol
141,192.168.100.13,239.255.255.250,17,164,"<Ether  dst=b4:6b:fc:c7:e5:6b src=5a:3f:ca:a1:ab:9a type=IPv4 |<IP  version=4 ihl=5 tos=0x0 len=150 id=914 flags=DF frag=0 ttl=1 proto=udp chksum=0x6115 src=192.168.100.13 dst=239.255.255.250 |<UDP  sport=39387 dport=ssdp len=130 chksum=0x643e |<Raw  load='M-SEARCH * HTTP/1.1\r\nHOST: 239.255.255.250:1900\r\nMAN: ""ssdp:discover""\r\nST: urn:mdx-netflix-com:service:target:1\r\nMX: 2\r\n\r\n' |>>>>",5a:3f:ca:a1:ab:9a,b4:6b:fc:c7:e5:6b,Vendor Not Found,Intel Corporate,Unknown Protocol
142,192.168.100.13,239.255.255.250,17,167,"<Ether  dst=b4:6b:fc:c7:e5:6b src=5a:3f:ca:a1:ab:9a type=IPv4 |<IP  version=4 ihl=5 tos=0x0 len=153 id=915 flags=DF frag=0 ttl=1 proto=udp chksum=0x6111 src=192.168.100.13 dst=239.255.255.250 |<UDP  sport=32848 dport=ssdp len=133 chksum=0xeb36 |<Raw  load='M-SEARCH * HTTP/1.1\r\nHOST: 239.255.255.250:1900\r\nMAN: ""ssdp:discover""\r\nST: urn:dial-multiscreen-org:service:dial:1\r\nMX: 2\r\n\r\n' |>>>>",5a:3f:ca:a1:ab:9a,b4:6b:fc:c7:e5:6b,Vendor Not Found,Intel Corporate,Unknown Protocol
143,192.168.100.8,224.0.0.22,2,54,"<Ether  dst=b4:6b:fc:c7:e5:6b src=7c:b2:7d:dc:77:e2 type=IPv4 |<IP  version=4 ihl=6 tos=0x0 len=40 id=23963 flags= frag=0 ttl=1 proto=2 chksum=0xc26d src=192.168.100.8 dst=224.0.0.22 options=[<IPOption_Router_Alert  copy_flag=1 optclass=control option=router_alert length=4 alert=router_shall_examine_packet |>] |<Raw  load='""\x00\\xfa\\x8c\x00\x00\x00\x01\x03\x00\x00\x00\\xe0\x00\x00q' |>>>",7c:b2:7d:dc:77:e2,b4:6b:fc:c7:e5:6b,Intel Corporate,Intel Corporate,Unknown Protocol
144,,,,90,"<Ether  dst=b4:6b:fc:c7:e5:6b src=7c:b2:7d:dc:77:e2 type=IPv6 |<IPv6  version=6 tc=0 fl=0 plen=36 nh=Hop-by-Hop Option Header hlim=1 src=fe80::c00a:24aa:7fee:cf2c dst=ff02::16 |<IPv6ExtHdrHopByHop  nh=ICMPv6 len=0 autopad=On options=[<RouterAlert  otype=Router Alert [00: skip, 0: Don't change en-route] optlen=2 value=Datagram contains a MLD message |>, <PadN  otype=PadN [00: skip, 0: Don't change en-route] optlen=0 |>] |<ICMPv6MLReport2  type=MLD Report Version 2 res=0 cksum=0x3c01 reserved=0 records_number=1 records=[<ICMPv6MLDMultAddrRec  rtype=3 auxdata_len=0 sources_number=0 dst=ff02::13a |>] |>>>>",7c:b2:7d:dc:77:e2,b4:6b:fc:c7:e5:6b,Intel Corporate,Intel Corporate,Unknown Protocol
145,192.168.100.8,224.0.0.22,2,54,"<Ether  dst=b4:6b:fc:c7:e5:6b src=7c:b2:7d:dc:77:e2 type=IPv4 |<IP  version=4 ihl=6 tos=0x0 len=40 id=23964 flags= frag=0 ttl=1 proto=2 chksum=0xc26c src=192.168.100.8 dst=224.0.0.22 options=[<IPOption_Router_Alert  copy_flag=1 optclass=control option=router_alert length=4 alert=router_shall_examine_packet |>] |<Raw  load='""\x00\\xf9\\x8c\x00\x00\x00\x01\x04\x00\x00\x00\\xe0\x00\x00q' |>>>",7c:b2:7d:dc:77:e2,b4:6b:fc:c7:e5:6b,Intel Corporate,Intel Corporate,Unknown Protocol
146,,,,90,"<Ether  dst=b4:6b:fc:c7:e5:6b src=7c:b2:7d:dc:77:e2 type=IPv6 |<IPv6  version=6 tc=0 fl=0 plen=36 nh=Hop-by-Hop Option Header hlim=1 src=fe80::c00a:24aa:7fee:cf2c dst=ff02::16 |<IPv6ExtHdrHopByHop  nh=ICMPv6 len=0 autopad=On options=[<RouterAlert  otype=Router Alert [00: skip, 0: Don't change en-route] optlen=2 value=Datagram contains a MLD message |>, <PadN  otype=PadN [00: skip, 0: Don't change en-route] optlen=0 |>] |<ICMPv6MLReport2  type=MLD Report Version 2 res=0 cksum=0x3b01 reserved=0 records_number=1 records=[<ICMPv6MLDMultAddrRec  rtype=4 auxdata_len=0 sources_number=0 dst=ff02::13a |>] |>>>>",7c:b2:7d:dc:77:e2,b4:6b:fc:c7:e5:6b,Intel Corporate,Intel Corporate,Unknown Protocol
147,192.168.100.8,224.0.0.22,2,54,"<Ether  dst=b4:6b:fc:c7:e5:6b src=7c:b2:7d:dc:77:e2 type=IPv4 |<IP  version=4 ihl=6 tos=0x0 len=40 id=23965 flags= frag=0 ttl=1 proto=2 chksum=0xc26b src=192.168.100.8 dst=224.0.0.22 options=[<IPOption_Router_Alert  copy_flag=1 optclass=control option=router_alert length=4 alert=router_shall_examine_packet |>] |<Raw  load='""\x00\\xf9\\x8c\x00\x00\x00\x01\x04\x00\x00\x00\\xe0\x00\x00q' |>>>",7c:b2:7d:dc:77:e2,b4:6b:fc:c7:e5:6b,Intel Corporate,Intel Corporate,Unknown Protocol
148,,,,90,"<Ether  dst=b4:6b:fc:c7:e5:6b src=7c:b2:7d:dc:77:e2 type=IPv6 |<IPv6  version=6 tc=0 fl=0 plen=36 nh=Hop-by-Hop Option Header hlim=1 src=fe80::c00a:24aa:7fee:cf2c dst=ff02::16 |<IPv6ExtHdrHopByHop  nh=ICMPv6 len=0 autopad=On options=[<RouterAlert  otype=Router Alert [00: skip, 0: Don't change en-route] optlen=2 value=Datagram contains a MLD message |>, <PadN  otype=PadN [00: skip, 0: Don't change en-route] optlen=0 |>] |<ICMPv6MLReport2  type=MLD Report Version 2 res=0 cksum=0x3b01 reserved=0 records_number=1 records=[<ICMPv6MLDMultAddrRec  rtype=4 auxdata_len=0 sources_number=0 dst=ff02::13a |>] |>>>>",7c:b2:7d:dc:77:e2,b4:6b:fc:c7:e5:6b,Intel Corporate,Intel Corporate,Unknown Protocol
149,20.42.73.27,192.168.100.19,6,54,<Ether  dst=b4:6b:fc:c7:e5:6b src=04:b0:e7:65:21:ef type=IPv4 |<IP  version=4 ihl=5 tos=0x0 len=40 id=51017 flags= frag=0 ttl=107 proto=tcp chksum=0x686 src=20.42.73.27 dst=192.168.100.19 |<TCP  sport=https dport=49317 seq=1891395830 ack=2860429663 dataofs=5 reserved=0 flags=A window=16384 chksum=0xf5e1 urgptr=0 |>>>,04:b0:e7:65:21:ef,b4:6b:fc:c7:e5:6b,"HUAWEI TECHNOLOGIES CO.,LTD",Intel Corporate,Unknown Protocol
